area_code,area_name,period_start,period,cases,population
E06000001,Hartlepool,2020-11-02,2–29 Nov,1603,93836
E06000002,Middlesbrough,2020-11-02,2–29 Nov,1991,141285
E06000003,Redcar and Cleveland,2020-11-02,2–29 Nov,1925,137228
E06000004,Stockton-on-Tees,2020-11-02,2–29 Nov,2796,197419
E06000005,Darlington,2020-11-02,2–29 Nov,1294,107402
E06000006,Halton,2020-11-02,2–29 Nov,1086,129759
E06000007,Warrington,2020-11-02,2–29 Nov,2086,209397
E06000008,Blackburn with Darwen,2020-11-02,2–29 Nov,2907,150030
E06000009,Blackpool,2020-11-02,2–29 Nov,1414,138381
E06000010,"Kingston upon Hull, City of",2020-11-02,2–29 Nov,5820,259126
E06000011,East Riding of Yorkshire,2020-11-02,2–29 Nov,4642,343201
E06000012,North East Lincolnshire,2020-11-02,2–29 Nov,2811,159364
E06000013,North Lincolnshire,2020-11-02,2–29 Nov,2421,172748
E06000014,York,2020-11-02,2–29 Nov,1176,211012
E06000015,Derby,2020-11-02,2–29 Nov,3393,256814
E06000016,Leicester,2020-11-02,2–29 Nov,5920,354036
E06000017,Rutland,2020-11-02,2–29 Nov,180,40476
E06000018,Nottingham,2020-11-02,2–29 Nov,3192,337098
E06000019,"Herefordshire, County of",2020-11-02,2–29 Nov,980,193615
E06000020,Telford and Wrekin,2020-11-02,2–29 Nov,2020,181322
E06000021,Stoke-on-Trent,2020-11-02,2–29 Nov,4713,256622
E06000022,Bath and North East Somerset,2020-11-02,2–29 Nov,1407,196357
E06000023,"Bristol, City of",2020-11-02,2–29 Nov,6949,465866
E06000024,North Somerset,2020-11-02,2–29 Nov,2041,215574
E06000025,South Gloucestershire,2020-11-02,2–29 Nov,3085,287816
E06000026,Plymouth,2020-11-02,2–29 Nov,1645,262839
E06000027,Torbay,2020-11-02,2–29 Nov,891,136218
E06000030,Swindon,2020-11-02,2–29 Nov,1573,222881
E06000031,Peterborough,2020-11-02,2–29 Nov,1670,202626
E06000032,Luton,2020-11-02,2–29 Nov,2401,213528
E06000033,Southend-on-Sea,2020-11-02,2–29 Nov,1058,182773
E06000034,Thurrock,2020-11-02,2–29 Nov,1414,175531
E06000035,Medway,2020-11-02,2–29 Nov,4314,279142
E06000036,Bracknell Forest,2020-11-02,2–29 Nov,528,124165
E06000037,West Berkshire,2020-11-02,2–29 Nov,606,158465
E06000038,Reading,2020-11-02,2–29 Nov,969,160337
E06000039,Slough,2020-11-02,2–29 Nov,1898,149577
E06000040,Windsor and Maidenhead,2020-11-02,2–29 Nov,912,151273
E06000041,Wokingham,2020-11-02,2–29 Nov,857,173945
E06000042,Milton Keynes,2020-11-02,2–29 Nov,1733,270203
E06000043,Brighton and Hove,2020-11-02,2–29 Nov,1322,291738
E06000044,Portsmouth,2020-11-02,2–29 Nov,1865,214692
E06000045,Southampton,2020-11-02,2–29 Nov,1558,252872
E06000046,Isle of Wight,2020-11-02,2–29 Nov,348,142296
E06000047,County Durham,2020-11-02,2–29 Nov,6501,533149
E06000049,Cheshire East,2020-11-02,2–29 Nov,2892,386667
E06000050,Cheshire West and Chester,2020-11-02,2–29 Nov,3034,343823
E06000051,Shropshire,2020-11-02,2–29 Nov,2393,325415
E06000052,Cornwall and Isles of Scilly,2020-11-02,2–29 Nov,1396,575525
E06000054,Wiltshire,2020-11-02,2–29 Nov,2094,504070
E06000055,Bedford,2020-11-02,2–29 Nov,938,174687
E06000056,Central Bedfordshire,2020-11-02,2–29 Nov,1187,294096
E06000057,Northumberland,2020-11-02,2–29 Nov,3138,323820
E06000058,"Bournemouth, Christchurch and Poole",2020-11-02,2–29 Nov,2810,396989
E06000059,Dorset,2020-11-02,2–29 Nov,1223,379791
E06000060,Buckinghamshire,2020-11-02,2–29 Nov,3066,547060
E07000008,Cambridge,2020-11-02,2–29 Nov,751,125063
E07000009,East Cambridgeshire,2020-11-02,2–29 Nov,255,90172
E07000010,Fenland,2020-11-02,2–29 Nov,453,102080
E07000011,Huntingdonshire,2020-11-02,2–29 Nov,595,178985
E07000012,South Cambridgeshire,2020-11-02,2–29 Nov,525,160904
E07000026,Allerdale,2020-11-02,2–29 Nov,515,97831
E07000027,Barrow-in-Furness,2020-11-02,2–29 Nov,358,66726
E07000028,Carlisle,2020-11-02,2–29 Nov,909,108524
E07000029,Copeland,2020-11-02,2–29 Nov,382,68041
E07000030,Eden,2020-11-02,2–29 Nov,290,53754
E07000031,South Lakeland,2020-11-02,2–29 Nov,722,104905
E07000032,Amber Valley,2020-11-02,2–29 Nov,1711,128829
E07000033,Bolsover,2020-11-02,2–29 Nov,1104,81305
E07000034,Chesterfield,2020-11-02,2–29 Nov,972,104930
E07000035,Derbyshire Dales,2020-11-02,2–29 Nov,504,72422
E07000036,Erewash,2020-11-02,2–29 Nov,1066,115332
E07000037,High Peak,2020-11-02,2–29 Nov,824,92633
E07000038,North East Derbyshire,2020-11-02,2–29 Nov,943,102216
E07000039,South Derbyshire,2020-11-02,2–29 Nov,1349,109516
E07000040,East Devon,2020-11-02,2–29 Nov,791,148080
E07000041,Exeter,2020-11-02,2–29 Nov,717,133333
E07000042,Mid Devon,2020-11-02,2–29 Nov,249,83290
E07000043,North Devon,2020-11-02,2–29 Nov,498,98170
E07000044,South Hams,2020-11-02,2–29 Nov,251,87946
E07000045,Teignbridge,2020-11-02,2–29 Nov,323,135039
E07000046,Torridge,2020-11-02,2–29 Nov,252,68719
E07000047,West Devon,2020-11-02,2–29 Nov,191,56139
E07000061,Eastbourne,2020-11-02,2–29 Nov,425,103324
E07000062,Hastings,2020-11-02,2–29 Nov,297,92554
E07000063,Lewes,2020-11-02,2–29 Nov,340,103525
E07000064,Rother,2020-11-02,2–29 Nov,468,96716
E07000065,Wealden,2020-11-02,2–29 Nov,768,162733
E07000066,Basildon,2020-11-02,2–29 Nov,1808,187558
E07000067,Braintree,2020-11-02,2–29 Nov,668,153091
E07000068,Brentwood,2020-11-02,2–29 Nov,668,77242
E07000069,Castle Point,2020-11-02,2–29 Nov,640,90524
E07000070,Chelmsford,2020-11-02,2–29 Nov,856,179549
E07000071,Colchester,2020-11-02,2–29 Nov,674,197200
E07000072,Epping Forest,2020-11-02,2–29 Nov,1072,132175
E07000073,Harlow,2020-11-02,2–29 Nov,595,87280
E07000074,Maldon,2020-11-02,2–29 Nov,190,65401
E07000075,Rochford,2020-11-02,2–29 Nov,463,87627
E07000076,Tendring,2020-11-02,2–29 Nov,378,147353
E07000077,Uttlesford,2020-11-02,2–29 Nov,418,92759
E07000078,Cheltenham,2020-11-02,2–29 Nov,657,116043
E07000079,Cotswold,2020-11-02,2–29 Nov,378,90264
E07000080,Forest of Dean,2020-11-02,2–29 Nov,400,87107
E07000081,Gloucester,2020-11-02,2–29 Nov,982,129709
E07000082,Stroud,2020-11-02,2–29 Nov,701,120903
E07000083,Tewkesbury,2020-11-02,2–29 Nov,464,96624
E07000084,Basingstoke and Deane,2020-11-02,2–29 Nov,847,177760
E07000085,East Hampshire,2020-11-02,2–29 Nov,621,123838
E07000086,Eastleigh,2020-11-02,2–29 Nov,563,135520
E07000087,Fareham,2020-11-02,2–29 Nov,630,116338
E07000088,Gosport,2020-11-02,2–29 Nov,584,84679
E07000089,Hart,2020-11-02,2–29 Nov,345,97608
E07000090,Havant,2020-11-02,2–29 Nov,909,126339
E07000091,New Forest,2020-11-02,2–29 Nov,682,179649
E07000092,Rushmoor,2020-11-02,2–29 Nov,419,94387
E07000093,Test Valley,2020-11-02,2–29 Nov,445,127163
E07000094,Winchester,2020-11-02,2–29 Nov,704,125925
E07000095,Broxbourne,2020-11-02,2–29 Nov,805,97592
E07000096,Dacorum,2020-11-02,2–29 Nov,718,155457
E07000098,Hertsmere,2020-11-02,2–29 Nov,605,105471
E07000099,North Hertfordshire,2020-11-02,2–29 Nov,611,133463
E07000102,Three Rivers,2020-11-02,2–29 Nov,575,93966
E07000103,Watford,2020-11-02,2–29 Nov,666,96623
E07000105,Ashford,2020-11-02,2–29 Nov,723,131018
E07000106,Canterbury,2020-11-02,2–29 Nov,1462,166762
E07000107,Dartford,2020-11-02,2–29 Nov,1234,114051
E07000108,Dover,2020-11-02,2–29 Nov,1188,118514
E07000109,Gravesham,2020-11-02,2–29 Nov,1430,106890
E07000110,Maidstone,2020-11-02,2–29 Nov,1840,173132
E07000111,Sevenoaks,2020-11-02,2–29 Nov,736,121387
E07000112,Folkestone and Hythe,2020-11-02,2–29 Nov,777,113320
E07000113,Swale,2020-11-02,2–29 Nov,3101,151015
E07000114,Thanet,2020-11-02,2–29 Nov,2620,141458
E07000115,Tonbridge and Malling,2020-11-02,2–29 Nov,1048,132571
E07000116,Tunbridge Wells,2020-11-02,2–29 Nov,506,118939
E07000117,Burnley,2020-11-02,2–29 Nov,1337,89344
E07000118,Chorley,2020-11-02,2–29 Nov,1152,118870
E07000119,Fylde,2020-11-02,2–29 Nov,739,81211
E07000120,Hyndburn,2020-11-02,2–29 Nov,1238,81133
E07000121,Lancaster,2020-11-02,2–29 Nov,777,148119
E07000122,Pendle,2020-11-02,2–29 Nov,1422,92145
E07000123,Preston,2020-11-02,2–29 Nov,1904,144147
E07000124,Ribble Valley,2020-11-02,2–29 Nov,647,62026
E07000125,Rossendale,2020-11-02,2–29 Nov,1026,71432
E07000126,South Ribble,2020-11-02,2–29 Nov,1042,111086
E07000127,West Lancashire,2020-11-02,2–29 Nov,990,114496
E07000128,Wyre,2020-11-02,2–29 Nov,892,113067
E07000129,Blaby,2020-11-02,2–29 Nov,1422,101950
E07000130,Charnwood,2020-11-02,2–29 Nov,2138,188416
E07000131,Harborough,2020-11-02,2–29 Nov,952,95537
E07000132,Hinckley and Bosworth,2020-11-02,2–29 Nov,1066,113666
E07000133,Melton,2020-11-02,2–29 Nov,601,51394
E07000134,North West Leicestershire,2020-11-02,2–29 Nov,1229,104809
E07000135,Oadby and Wigston,2020-11-02,2–29 Nov,964,57313
E07000136,Boston,2020-11-02,2–29 Nov,1221,70837
E07000137,East Lindsey,2020-11-02,2–29 Nov,2356,142030
E07000138,Lincoln,2020-11-02,2–29 Nov,1537,100049
E07000139,North Kesteven,2020-11-02,2–29 Nov,1187,118149
E07000140,South Holland,2020-11-02,2–29 Nov,673,95857
E07000141,South Kesteven,2020-11-02,2–29 Nov,1111,143225
E07000142,West Lindsey,2020-11-02,2–29 Nov,939,96186
E07000143,Breckland,2020-11-02,2–29 Nov,499,141255
E07000144,Broadland,2020-11-02,2–29 Nov,651,131931
E07000145,Great Yarmouth,2020-11-02,2–29 Nov,547,99198
E07000146,King's Lynn and West Norfolk,2020-11-02,2–29 Nov,708,151245
E07000147,North Norfolk,2020-11-02,2–29 Nov,273,105167
E07000148,Norwich,2020-11-02,2–29 Nov,693,142177
E07000149,South Norfolk,2020-11-02,2–29 Nov,800,143066
E07000150,Corby,2020-11-02,2–29 Nov,438,73053
E07000151,Daventry,2020-11-02,2–29 Nov,584,86951
E07000152,East Northamptonshire,2020-11-02,2–29 Nov,681,95103
E07000153,Kettering,2020-11-02,2–29 Nov,666,102211
E07000154,Northampton,2020-11-02,2–29 Nov,2110,224290
E07000155,South Northamptonshire,2020-11-02,2–29 Nov,739,95492
E07000156,Wellingborough,2020-11-02,2–29 Nov,470,80081
E07000163,Craven,2020-11-02,2–29 Nov,469,57338
E07000164,Hambleton,2020-11-02,2–29 Nov,623,91932
E07000165,Harrogate,2020-11-02,2–29 Nov,1282,161545
E07000166,Richmondshire,2020-11-02,2–29 Nov,388,53732
E07000167,Ryedale,2020-11-02,2–29 Nov,328,55629
E07000168,Scarborough,2020-11-02,2–29 Nov,1531,108737
E07000169,Selby,2020-11-02,2–29 Nov,820,91697
E07000170,Ashfield,2020-11-02,2–29 Nov,1334,128337
E07000171,Bassetlaw,2020-11-02,2–29 Nov,1628,118280
E07000172,Broxtowe,2020-11-02,2–29 Nov,924,114627
E07000173,Gedling,2020-11-02,2–29 Nov,1110,118239
E07000174,Mansfield,2020-11-02,2–29 Nov,1265,109351
E07000175,Newark and Sherwood,2020-11-02,2–29 Nov,1120,123127
E07000176,Rushcliffe,2020-11-02,2–29 Nov,845,121416
E07000177,Cherwell,2020-11-02,2–29 Nov,738,151846
E07000178,Oxford,2020-11-02,2–29 Nov,1058,151584
E07000179,South Oxfordshire,2020-11-02,2–29 Nov,570,143782
E07000180,Vale of White Horse,2020-11-02,2–29 Nov,532,137910
E07000181,West Oxfordshire,2020-11-02,2–29 Nov,421,111758
E07000187,Mendip,2020-11-02,2–29 Nov,473,116288
E07000188,Sedgemoor,2020-11-02,2–29 Nov,679,123446
E07000189,South Somerset,2020-11-02,2–29 Nov,796,168696
E07000192,Cannock Chase,2020-11-02,2–29 Nov,1167,101484
E07000193,East Staffordshire,2020-11-02,2–29 Nov,1767,120923
E07000194,Lichfield,2020-11-02,2–29 Nov,1312,105637
E07000195,Newcastle-under-Lyme,2020-11-02,2–29 Nov,2003,129610
E07000196,South Staffordshire,2020-11-02,2–29 Nov,1671,112369
E07000197,Stafford,2020-11-02,2–29 Nov,1895,137858
E07000198,Staffordshire Moorlands,2020-11-02,2–29 Nov,1273,98427
E07000199,Tamworth,2020-11-02,2–29 Nov,1047,76864
E07000200,Babergh,2020-11-02,2–29 Nov,444,92735
E07000202,Ipswich,2020-11-02,2–29 Nov,651,135979
E07000203,Mid Suffolk,2020-11-02,2–29 Nov,233,104857
E07000207,Elmbridge,2020-11-02,2–29 Nov,629,137215
E07000208,Epsom and Ewell,2020-11-02,2–29 Nov,541,81003
E07000209,Guildford,2020-11-02,2–29 Nov,811,150352
E07000210,Mole Valley,2020-11-02,2–29 Nov,478,87547
E07000211,Reigate and Banstead,2020-11-02,2–29 Nov,712,149243
E07000212,Runnymede,2020-11-02,2–29 Nov,743,90327
E07000213,Spelthorne,2020-11-02,2–29 Nov,787,99873
E07000214,Surrey Heath,2020-11-02,2–29 Nov,522,89204
E07000215,Tandridge,2020-11-02,2–29 Nov,466,88542
E07000216,Waverley,2020-11-02,2–29 Nov,490,126556
E07000217,Woking,2020-11-02,2–29 Nov,679,100008
E07000218,North Warwickshire,2020-11-02,2–29 Nov,810,65452
E07000219,Nuneaton and Bedworth,2020-11-02,2–29 Nov,1517,130373
E07000220,Rugby,2020-11-02,2–29 Nov,891,110650
E07000221,Stratford-on-Avon,2020-11-02,2–29 Nov,651,132402
E07000222,Warwick,2020-11-02,2–29 Nov,1162,144909
E07000223,Adur,2020-11-02,2–29 Nov,183,64187
E07000224,Arun,2020-11-02,2–29 Nov,561,161123
E07000225,Chichester,2020-11-02,2–29 Nov,526,121508
E07000226,Crawley,2020-11-02,2–29 Nov,508,112474
E07000227,Horsham,2020-11-02,2–29 Nov,555,145474
E07000228,Mid Sussex,2020-11-02,2–29 Nov,758,152142
E07000229,Worthing,2020-11-02,2–29 Nov,260,110727
E07000234,Bromsgrove,2020-11-02,2–29 Nov,868,100569
E07000235,Malvern Hills,2020-11-02,2–29 Nov,317,79445
E07000236,Redditch,2020-11-02,2–29 Nov,981,85568
E07000237,Worcester,2020-11-02,2–29 Nov,763,100265
E07000238,Wychavon,2020-11-02,2–29 Nov,695,131084
E07000239,Wyre Forest,2020-11-02,2–29 Nov,930,101139
E07000240,St Albans,2020-11-02,2–29 Nov,748,149317
E07000241,Welwyn Hatfield,2020-11-02,2–29 Nov,673,123893
E07000242,East Hertfordshire,2020-11-02,2–29 Nov,902,151786
E07000243,Stevenage,2020-11-02,2–29 Nov,463,88104
E07000244,East Suffolk,2020-11-02,2–29 Nov,700,250373
E07000245,West Suffolk,2020-11-02,2–29 Nov,389,177302
E07000246,Somerset West and Taunton,2020-11-02,2–29 Nov,558,155421
E08000001,Bolton,2020-11-02,2–29 Nov,4224,288248
E08000002,Bury,2020-11-02,2–29 Nov,2965,190708
E08000003,Manchester,2020-11-02,2–29 Nov,6922,555741
E08000004,Oldham,2020-11-02,2–29 Nov,4563,237628
E08000005,Rochdale,2020-11-02,2–29 Nov,3941,223659
E08000006,Salford,2020-11-02,2–29 Nov,3597,262697
E08000007,Stockport,2020-11-02,2–29 Nov,3078,294197
E08000008,Tameside,2020-11-02,2–29 Nov,2850,227117
E08000009,Trafford,2020-11-02,2–29 Nov,2414,237579
E08000010,Wigan,2020-11-02,2–29 Nov,4972,330712
E08000011,Knowsley,2020-11-02,2–29 Nov,1332,152452
E08000012,Liverpool,2020-11-02,2–29 Nov,3995,500474
E08000013,St. Helens,2020-11-02,2–29 Nov,1678,181095
E08000014,Sefton,2020-11-02,2–29 Nov,2221,275899
E08000015,Wirral,2020-11-02,2–29 Nov,1841,324336
E08000016,Barnsley,2020-11-02,2–29 Nov,3221,248071
E08000017,Doncaster,2020-11-02,2–29 Nov,3861,312785
E08000018,Rotherham,2020-11-02,2–29 Nov,3299,264984
E08000019,Sheffield,2020-11-02,2–29 Nov,6213,589214
E08000021,Newcastle upon Tyne,2020-11-02,2–29 Nov,4028,306824
E08000022,North Tyneside,2020-11-02,2–29 Nov,2596,208871
E08000023,South Tyneside,2020-11-02,2–29 Nov,2076,151133
E08000024,Sunderland,2020-11-02,2–29 Nov,3491,277846
E08000025,Birmingham,2020-11-02,2–29 Nov,15188,1140525
E08000026,Coventry,2020-11-02,2–29 Nov,3341,379387
E08000027,Dudley,2020-11-02,2–29 Nov,5746,322363
E08000028,Sandwell,2020-11-02,2–29 Nov,5494,329042
E08000029,Solihull,2020-11-02,2–29 Nov,2196,217487
E08000030,Walsall,2020-11-02,2–29 Nov,3949,286716
E08000031,Wolverhampton,2020-11-02,2–29 Nov,3454,264407
E08000032,Bradford,2020-11-02,2–29 Nov,9451,542128
E08000033,Calderdale,2020-11-02,2–29 Nov,3204,211439
E08000034,Kirklees,2020-11-02,2–29 Nov,7787,441290
E08000035,Leeds,2020-11-02,2–29 Nov,10425,798786
E08000036,Wakefield,2020-11-02,2–29 Nov,5354,351592
E08000037,Gateshead,2020-11-02,2–29 Nov,2640,201950
E09000002,Barking and Dagenham,2020-11-02,2–29 Nov,2212,214107
E09000003,Barnet,2020-11-02,2–29 Nov,2585,399007
E09000004,Bexley,2020-11-02,2–29 Nov,2386,249301
E09000005,Brent,2020-11-02,2–29 Nov,2585,327753
E09000006,Bromley,2020-11-02,2–29 Nov,1886,332752
E09000007,Camden,2020-11-02,2–29 Nov,1176,279516
E09000008,Croydon,2020-11-02,2–29 Nov,2249,388563
E09000009,Ealing,2020-11-02,2–29 Nov,3037,340341
E09000010,Enfield,2020-11-02,2–29 Nov,2555,333587
E09000011,Greenwich,2020-11-02,2–29 Nov,1879,289034
E09000012,Hackney and City of London,2020-11-02,2–29 Nov,1751,291879
E09000013,Hammersmith and Fulham,2020-11-02,2–29 Nov,1182,183544
E09000014,Haringey,2020-11-02,2–29 Nov,1531,266357
E09000015,Harrow,2020-11-02,2–29 Nov,1741,252338
E09000016,Havering,2020-11-02,2–29 Nov,3392,260651
E09000017,Hillingdon,2020-11-02,2–29 Nov,2475,309014
E09000018,Hounslow,2020-11-02,2–29 Nov,2045,271767
E09000019,Islington,2020-11-02,2–29 Nov,1352,248115
E09000020,Kensington and Chelsea,2020-11-02,2–29 Nov,770,156864
E09000021,Kingston upon Thames,2020-11-02,2–29 Nov,1212,179142
E09000022,Lambeth,2020-11-02,2–29 Nov,1769,321813
E09000023,Lewisham,2020-11-02,2–29 Nov,1383,305309
E09000024,Merton,2020-11-02,2–29 Nov,1372,206453
E09000025,Newham,2020-11-02,2–29 Nov,3125,355266
E09000026,Redbridge,2020-11-02,2–29 Nov,3527,305658
E09000027,Richmond upon Thames,2020-11-02,2–29 Nov,876,198141
E09000028,Southwark,2020-11-02,2–29 Nov,1420,320017
E09000029,Sutton,2020-11-02,2–29 Nov,1268,207707
E09000030,Tower Hamlets,2020-11-02,2–29 Nov,3087,331969
E09000031,Waltham Forest,2020-11-02,2–29 Nov,2340,276940
E09000032,Wandsworth,2020-11-02,2–29 Nov,1817,329735
E09000033,Westminster,2020-11-02,2–29 Nov,1346,269848
E06000001,Hartlepool,2020-11-30,30 Nov – 27 Dec,1319,93836
E06000002,Middlesbrough,2020-11-30,30 Nov – 27 Dec,1308,141285
E06000003,Redcar and Cleveland,2020-11-30,30 Nov – 27 Dec,838,137228
E06000004,Stockton-on-Tees,2020-11-30,30 Nov – 27 Dec,1806,197419
E06000005,Darlington,2020-11-30,30 Nov – 27 Dec,915,107402
E06000006,Halton,2020-11-30,30 Nov – 27 Dec,886,129759
E06000007,Warrington,2020-11-30,30 Nov – 27 Dec,1847,209397
E06000008,Blackburn with Darwen,2020-11-30,30 Nov – 27 Dec,1824,150030
E06000009,Blackpool,2020-11-30,30 Nov – 27 Dec,932,138381
E06000010,"Kingston upon Hull, City of",2020-11-30,30 Nov – 27 Dec,2322,259126
E06000011,East Riding of Yorkshire,2020-11-30,30 Nov – 27 Dec,2202,343201
E06000012,North East Lincolnshire,2020-11-30,30 Nov – 27 Dec,775,159364
E06000013,North Lincolnshire,2020-11-30,30 Nov – 27 Dec,1252,172748
E06000014,York,2020-11-30,30 Nov – 27 Dec,1262,211012
E06000015,Derby,2020-11-30,30 Nov – 27 Dec,2343,256814
E06000016,Leicester,2020-11-30,30 Nov – 27 Dec,4143,354036
E06000017,Rutland,2020-11-30,30 Nov – 27 Dec,222,40476
E06000018,Nottingham,2020-11-30,30 Nov – 27 Dec,2709,337098
E06000019,"Herefordshire, County of",2020-11-30,30 Nov – 27 Dec,879,193615
E06000020,Telford and Wrekin,2020-11-30,30 Nov – 27 Dec,1051,181322
E06000021,Stoke-on-Trent,2020-11-30,30 Nov – 27 Dec,3240,256622
E06000022,Bath and North East Somerset,2020-11-30,30 Nov – 27 Dec,981,196357
E06000023,"Bristol, City of",2020-11-30,30 Nov – 27 Dec,3004,465866
E06000024,North Somerset,2020-11-30,30 Nov – 27 Dec,1469,215574
E06000025,South Gloucestershire,2020-11-30,30 Nov – 27 Dec,2039,287816
E06000026,Plymouth,2020-11-30,30 Nov – 27 Dec,1155,262839
E06000027,Torbay,2020-11-30,30 Nov – 27 Dec,309,136218
E06000030,Swindon,2020-11-30,30 Nov – 27 Dec,1718,222881
E06000031,Peterborough,2020-11-30,30 Nov – 27 Dec,2761,202626
E06000032,Luton,2020-11-30,30 Nov – 27 Dec,3807,213528
E06000033,Southend-on-Sea,2020-11-30,30 Nov – 27 Dec,5046,182773
E06000034,Thurrock,2020-11-30,30 Nov – 27 Dec,6400,175531
E06000035,Medway,2020-11-30,30 Nov – 27 Dec,9656,279142
E06000036,Bracknell Forest,2020-11-30,30 Nov – 27 Dec,1915,124165
E06000037,West Berkshire,2020-11-30,30 Nov – 27 Dec,1503,158465
E06000038,Reading,2020-11-30,30 Nov – 27 Dec,2279,160337
E06000039,Slough,2020-11-30,30 Nov – 27 Dec,3010,149577
E06000040,Windsor and Maidenhead,2020-11-30,30 Nov – 27 Dec,1888,151273
E06000041,Wokingham,2020-11-30,30 Nov – 27 Dec,2062,173945
E06000042,Milton Keynes,2020-11-30,30 Nov – 27 Dec,5803,270203
E06000043,Brighton and Hove,2020-11-30,30 Nov – 27 Dec,2426,291738
E06000044,Portsmouth,2020-11-30,30 Nov – 27 Dec,2746,214692
E06000045,Southampton,2020-11-30,30 Nov – 27 Dec,2051,252872
E06000046,Isle of Wight,2020-11-30,30 Nov – 27 Dec,574,142296
E06000047,County Durham,2020-11-30,30 Nov – 27 Dec,4323,533149
E06000049,Cheshire East,2020-11-30,30 Nov – 27 Dec,2753,386667
E06000050,Cheshire West and Chester,2020-11-30,30 Nov – 27 Dec,2748,343823
E06000051,Shropshire,2020-11-30,30 Nov – 27 Dec,1333,325415
E06000052,Cornwall and Isles of Scilly,2020-11-30,30 Nov – 27 Dec,1686,575525
E06000054,Wiltshire,2020-11-30,30 Nov – 27 Dec,2369,504070
E06000055,Bedford,2020-11-30,30 Nov – 27 Dec,2746,174687
E06000056,Central Bedfordshire,2020-11-30,30 Nov – 27 Dec,4020,294096
E06000057,Northumberland,2020-11-30,30 Nov – 27 Dec,2450,323820
E06000058,"Bournemouth, Christchurch and Poole",2020-11-30,30 Nov – 27 Dec,2433,396989
E06000059,Dorset,2020-11-30,30 Nov – 27 Dec,1316,379791
E06000060,Buckinghamshire,2020-11-30,30 Nov – 27 Dec,7533,547060
E07000008,Cambridge,2020-11-30,30 Nov – 27 Dec,966,125063
E07000009,East Cambridgeshire,2020-11-30,30 Nov – 27 Dec,582,90172
E07000010,Fenland,2020-11-30,30 Nov – 27 Dec,722,102080
E07000011,Huntingdonshire,2020-11-30,30 Nov – 27 Dec,1059,178985
E07000012,South Cambridgeshire,2020-11-30,30 Nov – 27 Dec,1205,160904
E07000026,Allerdale,2020-11-30,30 Nov – 27 Dec,506,97831
E07000027,Barrow-in-Furness,2020-11-30,30 Nov – 27 Dec,302,66726
E07000028,Carlisle,2020-11-30,30 Nov – 27 Dec,1048,108524
E07000029,Copeland,2020-11-30,30 Nov – 27 Dec,140,68041
E07000030,Eden,2020-11-30,30 Nov – 27 Dec,593,53754
E07000031,South Lakeland,2020-11-30,30 Nov – 27 Dec,648,104905
E07000032,Amber Valley,2020-11-30,30 Nov – 27 Dec,1312,128829
E07000033,Bolsover,2020-11-30,30 Nov – 27 Dec,729,81305
E07000034,Chesterfield,2020-11-30,30 Nov – 27 Dec,662,104930
E07000035,Derbyshire Dales,2020-11-30,30 Nov – 27 Dec,325,72422
E07000036,Erewash,2020-11-30,30 Nov – 27 Dec,700,115332
E07000037,High Peak,2020-11-30,30 Nov – 27 Dec,485,92633
E07000038,North East Derbyshire,2020-11-30,30 Nov – 27 Dec,664,102216
E07000039,South Derbyshire,2020-11-30,30 Nov – 27 Dec,1009,109516
E07000040,East Devon,2020-11-30,30 Nov – 27 Dec,817,148080
E07000041,Exeter,2020-11-30,30 Nov – 27 Dec,637,133333
E07000042,Mid Devon,2020-11-30,30 Nov – 27 Dec,389,83290
E07000043,North Devon,2020-11-30,30 Nov – 27 Dec,519,98170
E07000044,South Hams,2020-11-30,30 Nov – 27 Dec,236,87946
E07000045,Teignbridge,2020-11-30,30 Nov – 27 Dec,486,135039
E07000046,Torridge,2020-11-30,30 Nov – 27 Dec,238,68719
E07000047,West Devon,2020-11-30,30 Nov – 27 Dec,318,56139
E07000061,Eastbourne,2020-11-30,30 Nov – 27 Dec,1178,103324
E07000062,Hastings,2020-11-30,30 Nov – 27 Dec,2573,92554
E07000063,Lewes,2020-11-30,30 Nov – 27 Dec,987,103525
E07000064,Rother,2020-11-30,30 Nov – 27 Dec,1818,96716
E07000065,Wealden,2020-11-30,30 Nov – 27 Dec,1869,162733
E07000066,Basildon,2020-11-30,30 Nov – 27 Dec,6591,187558
E07000067,Braintree,2020-11-30,30 Nov – 27 Dec,3426,153091
E07000068,Brentwood,2020-11-30,30 Nov – 27 Dec,2749,77242
E07000069,Castle Point,2020-11-30,30 Nov – 27 Dec,2813,90524
E07000070,Chelmsford,2020-11-30,30 Nov – 27 Dec,4044,179549
E07000071,Colchester,2020-11-30,30 Nov – 27 Dec,2033,197200
E07000072,Epping Forest,2020-11-30,30 Nov – 27 Dec,4738,132175
E07000073,Harlow,2020-11-30,30 Nov – 27 Dec,2245,87280
E07000074,Maldon,2020-11-30,30 Nov – 27 Dec,1209,65401
E07000075,Rochford,2020-11-30,30 Nov – 27 Dec,2491,87627
E07000076,Tendring,2020-11-30,30 Nov – 27 Dec,1403,147353
E07000077,Uttlesford,2020-11-30,30 Nov – 27 Dec,1255,92759
E07000078,Cheltenham,2020-11-30,30 Nov – 27 Dec,575,116043
E07000079,Cotswold,2020-11-30,30 Nov – 27 Dec,487,90264
E07000080,Forest of Dean,2020-11-30,30 Nov – 27 Dec,676,87107
E07000081,Gloucester,2020-11-30,30 Nov – 27 Dec,1301,129709
E07000082,Stroud,2020-11-30,30 Nov – 27 Dec,718,120903
E07000083,Tewkesbury,2020-11-30,30 Nov – 27 Dec,533,96624
E07000084,Basingstoke and Deane,2020-11-30,30 Nov – 27 Dec,1270,177760
E07000085,East Hampshire,2020-11-30,30 Nov – 27 Dec,865,123838
E07000086,Eastleigh,2020-11-30,30 Nov – 27 Dec,713,135520
E07000087,Fareham,2020-11-30,30 Nov – 27 Dec,901,116338
E07000088,Gosport,2020-11-30,30 Nov – 27 Dec,591,84679
E07000089,Hart,2020-11-30,30 Nov – 27 Dec,868,97608
E07000090,Havant,2020-11-30,30 Nov – 27 Dec,1693,126339
E07000091,New Forest,2020-11-30,30 Nov – 27 Dec,803,179649
E07000092,Rushmoor,2020-11-30,30 Nov – 27 Dec,1537,94387
E07000093,Test Valley,2020-11-30,30 Nov – 27 Dec,703,127163
E07000094,Winchester,2020-11-30,30 Nov – 27 Dec,823,125925
E07000095,Broxbourne,2020-11-30,30 Nov – 27 Dec,2987,97592
E07000096,Dacorum,2020-11-30,30 Nov – 27 Dec,2054,155457
E07000098,Hertsmere,2020-11-30,30 Nov – 27 Dec,2310,105471
E07000099,North Hertfordshire,2020-11-30,30 Nov – 27 Dec,1239,133463
E07000102,Three Rivers,2020-11-30,30 Nov – 27 Dec,1768,93966
E07000103,Watford,2020-11-30,30 Nov – 27 Dec,1990,96623
E07000105,Ashford,2020-11-30,30 Nov – 27 Dec,3460,131018
E07000106,Canterbury,2020-11-30,30 Nov – 27 Dec,3506,166762
E07000107,Dartford,2020-11-30,30 Nov – 27 Dec,3055,114051
E07000108,Dover,2020-11-30,30 Nov – 27 Dec,2775,118514
E07000109,Gravesham,2020-11-30,30 Nov – 27 Dec,3102,106890
E07000110,Maidstone,2020-11-30,30 Nov – 27 Dec,4441,173132
E07000111,Sevenoaks,2020-11-30,30 Nov – 27 Dec,2102,121387
E07000112,Folkestone and Hythe,2020-11-30,30 Nov – 27 Dec,2577,113320
E07000113,Swale,2020-11-30,30 Nov – 27 Dec,4565,151015
E07000114,Thanet,2020-11-30,30 Nov – 27 Dec,2975,141458
E07000115,Tonbridge and Malling,2020-11-30,30 Nov – 27 Dec,2928,132571
E07000116,Tunbridge Wells,2020-11-30,30 Nov – 27 Dec,1749,118939
E07000117,Burnley,2020-11-30,30 Nov – 27 Dec,1458,89344
E07000118,Chorley,2020-11-30,30 Nov – 27 Dec,1001,118870
E07000119,Fylde,2020-11-30,30 Nov – 27 Dec,427,81211
E07000120,Hyndburn,2020-11-30,30 Nov – 27 Dec,808,81133
E07000121,Lancaster,2020-11-30,30 Nov – 27 Dec,1026,148119
E07000122,Pendle,2020-11-30,30 Nov – 27 Dec,1280,92145
E07000123,Preston,2020-11-30,30 Nov – 27 Dec,1323,144147
E07000124,Ribble Valley,2020-11-30,30 Nov – 27 Dec,645,62026
E07000125,Rossendale,2020-11-30,30 Nov – 27 Dec,669,71432
E07000126,South Ribble,2020-11-30,30 Nov – 27 Dec,811,111086
E07000127,West Lancashire,2020-11-30,30 Nov – 27 Dec,834,114496
E07000128,Wyre,2020-11-30,30 Nov – 27 Dec,663,113067
E07000129,Blaby,2020-11-30,30 Nov – 27 Dec,940,101950
E07000130,Charnwood,2020-11-30,30 Nov – 27 Dec,1276,188416
E07000131,Harborough,2020-11-30,30 Nov – 27 Dec,745,95537
E07000132,Hinckley and Bosworth,2020-11-30,30 Nov – 27 Dec,790,113666
E07000133,Melton,2020-11-30,30 Nov – 27 Dec,449,51394
E07000134,North West Leicestershire,2020-11-30,30 Nov – 27 Dec,685,104809
E07000135,Oadby and Wigston,2020-11-30,30 Nov – 27 Dec,727,57313
E07000136,Boston,2020-11-30,30 Nov – 27 Dec,1080,70837
E07000137,East Lindsey,2020-11-30,30 Nov – 27 Dec,911,142030
E07000138,Lincoln,2020-11-30,30 Nov – 27 Dec,1634,100049
E07000139,North Kesteven,2020-11-30,30 Nov – 27 Dec,1176,118149
E07000140,South Holland,2020-11-30,30 Nov – 27 Dec,710,95857
E07000141,South Kesteven,2020-11-30,30 Nov – 27 Dec,1423,143225
E07000142,West Lindsey,2020-11-30,30 Nov – 27 Dec,1065,96186
E07000143,Breckland,2020-11-30,30 Nov – 27 Dec,939,141255
E07000144,Broadland,2020-11-30,30 Nov – 27 Dec,1106,131931
E07000145,Great Yarmouth,2020-11-30,30 Nov – 27 Dec,795,99198
E07000146,King's Lynn and West Norfolk,2020-11-30,30 Nov – 27 Dec,1240,151245
E07000147,North Norfolk,2020-11-30,30 Nov – 27 Dec,609,105167
E07000148,Norwich,2020-11-30,30 Nov – 27 Dec,1290,142177
E07000149,South Norfolk,2020-11-30,30 Nov – 27 Dec,1078,143066
E07000150,Corby,2020-11-30,30 Nov – 27 Dec,454,73053
E07000151,Daventry,2020-11-30,30 Nov – 27 Dec,639,86951
E07000152,East Northamptonshire,2020-11-30,30 Nov – 27 Dec,660,95103
E07000153,Kettering,2020-11-30,30 Nov – 27 Dec,691,102211
E07000154,Northampton,2020-11-30,30 Nov – 27 Dec,2729,224290
E07000155,South Northamptonshire,2020-11-30,30 Nov – 27 Dec,962,95492
E07000156,Wellingborough,2020-11-30,30 Nov – 27 Dec,761,80081
E07000163,Craven,2020-11-30,30 Nov – 27 Dec,315,57338
E07000164,Hambleton,2020-11-30,30 Nov – 27 Dec,525,91932
E07000165,Harrogate,2020-11-30,30 Nov – 27 Dec,691,161545
E07000166,Richmondshire,2020-11-30,30 Nov – 27 Dec,330,53732
E07000167,Ryedale,2020-11-30,30 Nov – 27 Dec,256,55629
E07000168,Scarborough,2020-11-30,30 Nov – 27 Dec,950,108737
E07000169,Selby,2020-11-30,30 Nov – 27 Dec,543,91697
E07000170,Ashfield,2020-11-30,30 Nov – 27 Dec,1127,128337
E07000171,Bassetlaw,2020-11-30,30 Nov – 27 Dec,1189,118280
E07000172,Broxtowe,2020-11-30,30 Nov – 27 Dec,739,114627
E07000173,Gedling,2020-11-30,30 Nov – 27 Dec,1110,118239
E07000174,Mansfield,2020-11-30,30 Nov – 27 Dec,938,109351
E07000175,Newark and Sherwood,2020-11-30,30 Nov – 27 Dec,1012,123127
E07000176,Rushcliffe,2020-11-30,30 Nov – 27 Dec,787,121416
E07000177,Cherwell,2020-11-30,30 Nov – 27 Dec,1748,151846
E07000178,Oxford,2020-11-30,30 Nov – 27 Dec,1596,151584
E07000179,South Oxfordshire,2020-11-30,30 Nov – 27 Dec,1145,143782
E07000180,Vale of White Horse,2020-11-30,30 Nov – 27 Dec,954,137910
E07000181,West Oxfordshire,2020-11-30,30 Nov – 27 Dec,694,111758
E07000187,Mendip,2020-11-30,30 Nov – 27 Dec,666,116288
E07000188,Sedgemoor,2020-11-30,30 Nov – 27 Dec,967,123446
E07000189,South Somerset,2020-11-30,30 Nov – 27 Dec,1052,168696
E07000192,Cannock Chase,2020-11-30,30 Nov – 27 Dec,1036,101484
E07000193,East Staffordshire,2020-11-30,30 Nov – 27 Dec,1516,120923
E07000194,Lichfield,2020-11-30,30 Nov – 27 Dec,901,105637
E07000195,Newcastle-under-Lyme,2020-11-30,30 Nov – 27 Dec,1160,129610
E07000196,South Staffordshire,2020-11-30,30 Nov – 27 Dec,1041,112369
E07000197,Stafford,2020-11-30,30 Nov – 27 Dec,1319,137858
E07000198,Staffordshire Moorlands,2020-11-30,30 Nov – 27 Dec,931,98427
E07000199,Tamworth,2020-11-30,30 Nov – 27 Dec,541,76864
E07000200,Babergh,2020-11-30,30 Nov – 27 Dec,850,92735
E07000202,Ipswich,2020-11-30,30 Nov – 27 Dec,1383,135979
E07000203,Mid Suffolk,2020-11-30,30 Nov – 27 Dec,579,104857
E07000207,Elmbridge,2020-11-30,30 Nov – 27 Dec,1900,137215
E07000208,Epsom and Ewell,2020-11-30,30 Nov – 27 Dec,1368,81003
E07000209,Guildford,2020-11-30,30 Nov – 27 Dec,1699,150352
E07000210,Mole Valley,2020-11-30,30 Nov – 27 Dec,956,87547
E07000211,Reigate and Banstead,2020-11-30,30 Nov – 27 Dec,2104,149243
E07000212,Runnymede,2020-11-30,30 Nov – 27 Dec,1305,90327
E07000213,Spelthorne,2020-11-30,30 Nov – 27 Dec,1725,99873
E07000214,Surrey Heath,2020-11-30,30 Nov – 27 Dec,1322,89204
E07000215,Tandridge,2020-11-30,30 Nov – 27 Dec,1537,88542
E07000216,Waverley,2020-11-30,30 Nov – 27 Dec,1198,126556
E07000217,Woking,2020-11-30,30 Nov – 27 Dec,1708,100008
E07000218,North Warwickshire,2020-11-30,30 Nov – 27 Dec,442,65452
E07000219,Nuneaton and Bedworth,2020-11-30,30 Nov – 27 Dec,1174,130373
E07000220,Rugby,2020-11-30,30 Nov – 27 Dec,1140,110650
E07000221,Stratford-on-Avon,2020-11-30,30 Nov – 27 Dec,671,132402
E07000222,Warwick,2020-11-30,30 Nov – 27 Dec,1163,144909
E07000223,Adur,2020-11-30,30 Nov – 27 Dec,546,64187
E07000224,Arun,2020-11-30,30 Nov – 27 Dec,1389,161123
E07000225,Chichester,2020-11-30,30 Nov – 27 Dec,710,121508
E07000226,Crawley,2020-11-30,30 Nov – 27 Dec,1253,112474
E07000227,Horsham,2020-11-30,30 Nov – 27 Dec,935,145474
E07000228,Mid Sussex,2020-11-30,30 Nov – 27 Dec,1496,152142
E07000229,Worthing,2020-11-30,30 Nov – 27 Dec,742,110727
E07000234,Bromsgrove,2020-11-30,30 Nov – 27 Dec,937,100569
E07000235,Malvern Hills,2020-11-30,30 Nov – 27 Dec,299,79445
E07000236,Redditch,2020-11-30,30 Nov – 27 Dec,615,85568
E07000237,Worcester,2020-11-30,30 Nov – 27 Dec,540,100265
E07000238,Wychavon,2020-11-30,30 Nov – 27 Dec,776,131084
E07000239,Wyre Forest,2020-11-30,30 Nov – 27 Dec,660,101139
E07000240,St Albans,2020-11-30,30 Nov – 27 Dec,2096,149317
E07000241,Welwyn Hatfield,2020-11-30,30 Nov – 27 Dec,1542,123893
E07000242,East Hertfordshire,2020-11-30,30 Nov – 27 Dec,2098,151786
E07000243,Stevenage,2020-11-30,30 Nov – 27 Dec,1167,88104
E07000244,East Suffolk,2020-11-30,30 Nov – 27 Dec,1389,250373
E07000245,West Suffolk,2020-11-30,30 Nov – 27 Dec,1142,177302
E07000246,Somerset West and Taunton,2020-11-30,30 Nov – 27 Dec,1029,155421
E08000001,Bolton,2020-11-30,30 Nov – 27 Dec,1903,288248
E08000002,Bury,2020-11-30,30 Nov – 27 Dec,1785,190708
E08000003,Manchester,2020-11-30,30 Nov – 27 Dec,4210,555741
E08000004,Oldham,2020-11-30,30 Nov – 27 Dec,1813,237628
E08000005,Rochdale,2020-11-30,30 Nov – 27 Dec,1953,223659
E08000006,Salford,2020-11-30,30 Nov – 27 Dec,1799,262697
E08000007,Stockport,2020-11-30,30 Nov – 27 Dec,1876,294197
E08000008,Tameside,2020-11-30,30 Nov – 27 Dec,1256,227117
E08000009,Trafford,2020-11-30,30 Nov – 27 Dec,1554,237579
E08000010,Wigan,2020-11-30,30 Nov – 27 Dec,2491,330712
E08000011,Knowsley,2020-11-30,30 Nov – 27 Dec,899,152452
E08000012,Liverpool,2020-11-30,30 Nov – 27 Dec,2954,500474
E08000013,St. Helens,2020-11-30,30 Nov – 27 Dec,1132,181095
E08000014,Sefton,2020-11-30,30 Nov – 27 Dec,1431,275899
E08000015,Wirral,2020-11-30,30 Nov – 27 Dec,1870,324336
E08000016,Barnsley,2020-11-30,30 Nov – 27 Dec,1749,248071
E08000017,Doncaster,2020-11-30,30 Nov – 27 Dec,2736,312785
E08000018,Rotherham,2020-11-30,30 Nov – 27 Dec,2387,264984
E08000019,Sheffield,2020-11-30,30 Nov – 27 Dec,3708,589214
E08000021,Newcastle upon Tyne,2020-11-30,30 Nov – 27 Dec,1713,306824
E08000022,North Tyneside,2020-11-30,30 Nov – 27 Dec,1252,208871
E08000023,South Tyneside,2020-11-30,30 Nov – 27 Dec,1655,151133
E08000024,Sunderland,2020-11-30,30 Nov – 27 Dec,2070,277846
E08000025,Birmingham,2020-11-30,30 Nov – 27 Dec,12533,1140525
E08000026,Coventry,2020-11-30,30 Nov – 27 Dec,3037,379387
E08000027,Dudley,2020-11-30,30 Nov – 27 Dec,3263,322363
E08000028,Sandwell,2020-11-30,30 Nov – 27 Dec,3759,329042
E08000029,Solihull,2020-11-30,30 Nov – 27 Dec,1794,217487
E08000030,Walsall,2020-11-30,30 Nov – 27 Dec,2818,286716
E08000031,Wolverhampton,2020-11-30,30 Nov – 27 Dec,3620,264407
E08000032,Bradford,2020-11-30,30 Nov – 27 Dec,3948,542128
E08000033,Calderdale,2020-11-30,30 Nov – 27 Dec,1511,211439
E08000034,Kirklees,2020-11-30,30 Nov – 27 Dec,3041,441290
E08000035,Leeds,2020-11-30,30 Nov – 27 Dec,5118,798786
E08000036,Wakefield,2020-11-30,30 Nov – 27 Dec,2394,351592
E08000037,Gateshead,2020-11-30,30 Nov – 27 Dec,1309,201950
E09000002,Barking and Dagenham,2020-11-30,30 Nov – 27 Dec,6843,214107
E09000003,Barnet,2020-11-30,30 Nov – 27 Dec,7804,399007
E09000004,Bexley,2020-11-30,30 Nov – 27 Dec,7257,249301
E09000005,Brent,2020-11-30,30 Nov – 27 Dec,5944,327753
E09000006,Bromley,2020-11-30,30 Nov – 27 Dec,7736,332752
E09000007,Camden,2020-11-30,30 Nov – 27 Dec,3622,279516
E09000008,Croydon,2020-11-30,30 Nov – 27 Dec,8163,388563
E09000009,Ealing,2020-11-30,30 Nov – 27 Dec,5934,340341
E09000010,Enfield,2020-11-30,30 Nov – 27 Dec,9221,333587
E09000011,Greenwich,2020-11-30,30 Nov – 27 Dec,6005,289034
E09000012,Hackney and City of London,2020-11-30,30 Nov – 27 Dec,6286,291879
E09000013,Hammersmith and Fulham,2020-11-30,30 Nov – 27 Dec,2899,183544
E09000014,Haringey,2020-11-30,30 Nov – 27 Dec,6049,266357
E09000015,Harrow,2020-11-30,30 Nov – 27 Dec,5299,252338
E09000016,Havering,2020-11-30,30 Nov – 27 Dec,9446,260651
E09000017,Hillingdon,2020-11-30,30 Nov – 27 Dec,6096,309014
E09000018,Hounslow,2020-11-30,30 Nov – 27 Dec,5210,271767
E09000019,Islington,2020-11-30,30 Nov – 27 Dec,4213,248115
E09000020,Kensington and Chelsea,2020-11-30,30 Nov – 27 Dec,2077,156864
E09000021,Kingston upon Thames,2020-11-30,30 Nov – 27 Dec,3366,179142
E09000022,Lambeth,2020-11-30,30 Nov – 27 Dec,6275,321813
E09000023,Lewisham,2020-11-30,30 Nov – 27 Dec,5814,305309
E09000024,Merton,2020-11-30,30 Nov – 27 Dec,4515,206453
E09000025,Newham,2020-11-30,30 Nov – 27 Dec,9763,355266
E09000026,Redbridge,2020-11-30,30 Nov – 27 Dec,10168,305658
E09000027,Richmond upon Thames,2020-11-30,30 Nov – 27 Dec,2998,198141
E09000028,Southwark,2020-11-30,30 Nov – 27 Dec,5957,320017
E09000029,Sutton,2020-11-30,30 Nov – 27 Dec,4277,207707
E09000030,Tower Hamlets,2020-11-30,30 Nov – 27 Dec,8968,331969
E09000031,Waltham Forest,2020-11-30,30 Nov – 27 Dec,7736,276940
E09000032,Wandsworth,2020-11-30,30 Nov – 27 Dec,6179,329735
E09000033,Westminster,2020-11-30,30 Nov – 27 Dec,3323,269848
E06000001,Hartlepool,2020-12-28,28 Dec – 24 Jan,2224,93836
E06000002,Middlesbrough,2020-12-28,28 Dec – 24 Jan,3039,141285
E06000003,Redcar and Cleveland,2020-12-28,28 Dec – 24 Jan,2329,137228
E06000004,Stockton-on-Tees,2020-12-28,28 Dec – 24 Jan,3407,197419
E06000005,Darlington,2020-12-28,28 Dec – 24 Jan,1694,107402
E06000006,Halton,2020-12-28,28 Dec – 24 Jan,4708,129759
E06000007,Warrington,2020-12-28,28 Dec – 24 Jan,5132,209397
E06000008,Blackburn with Darwen,2020-12-28,28 Dec – 24 Jan,4006,150030
E06000009,Blackpool,2020-12-28,28 Dec – 24 Jan,1689,138381
E06000010,"Kingston upon Hull, City of",2020-12-28,28 Dec – 24 Jan,2872,259126
E06000011,East Riding of Yorkshire,2020-12-28,28 Dec – 24 Jan,2788,343201
E06000012,North East Lincolnshire,2020-12-28,28 Dec – 24 Jan,888,159364
E06000013,North Lincolnshire,2020-12-28,28 Dec – 24 Jan,1190,172748
E06000014,York,2020-12-28,28 Dec – 24 Jan,3986,211012
E06000015,Derby,2020-12-28,28 Dec – 24 Jan,6390,256814
E06000016,Leicester,2020-12-28,28 Dec – 24 Jan,7768,354036
E06000017,Rutland,2020-12-28,28 Dec – 24 Jan,384,40476
E06000018,Nottingham,2020-12-28,28 Dec – 24 Jan,5775,337098
E06000019,"Herefordshire, County of",2020-12-28,28 Dec – 24 Jan,2443,193615
E06000020,Telford and Wrekin,2020-12-28,28 Dec – 24 Jan,3493,181322
E06000021,Stoke-on-Trent,2020-12-28,28 Dec – 24 Jan,4018,256622
E06000022,Bath and North East Somerset,2020-12-28,28 Dec – 24 Jan,2622,196357
E06000023,"Bristol, City of",2020-12-28,28 Dec – 24 Jan,7874,465866
E06000024,North Somerset,2020-12-28,28 Dec – 24 Jan,3034,215574
E06000025,South Gloucestershire,2020-12-28,28 Dec – 24 Jan,4452,287816
E06000026,Plymouth,2020-12-28,28 Dec – 24 Jan,2803,262839
E06000027,Torbay,2020-12-28,28 Dec – 24 Jan,1123,136218
E06000030,Swindon,2020-12-28,28 Dec – 24 Jan,3630,222881
E06000031,Peterborough,2020-12-28,28 Dec – 24 Jan,4209,202626
E06000032,Luton,2020-12-28,28 Dec – 24 Jan,6704,213528
E06000033,Southend-on-Sea,2020-12-28,28 Dec – 24 Jan,5708,182773
E06000034,Thurrock,2020-12-28,28 Dec – 24 Jan,6839,175531
E06000035,Medway,2020-12-28,28 Dec – 24 Jan,8119,279142
E06000036,Bracknell Forest,2020-12-28,28 Dec – 24 Jan,2683,124165
E06000037,West Berkshire,2020-12-28,28 Dec – 24 Jan,2079,158465
E06000038,Reading,2020-12-28,28 Dec – 24 Jan,4300,160337
E06000039,Slough,2020-12-28,28 Dec – 24 Jan,5968,149577
E06000040,Windsor and Maidenhead,2020-12-28,28 Dec – 24 Jan,3012,151273
E06000041,Wokingham,2020-12-28,28 Dec – 24 Jan,2864,173945
E06000042,Milton Keynes,2020-12-28,28 Dec – 24 Jan,7517,270203
E06000043,Brighton and Hove,2020-12-28,28 Dec – 24 Jan,6387,291738
E06000044,Portsmouth,2020-12-28,28 Dec – 24 Jan,4962,214692
E06000045,Southampton,2020-12-28,28 Dec – 24 Jan,5595,252872
E06000046,Isle of Wight,2020-12-28,28 Dec – 24 Jan,4549,142296
E06000047,County Durham,2020-12-28,28 Dec – 24 Jan,8239,533149
E06000049,Cheshire East,2020-12-28,28 Dec – 24 Jan,5683,386667
E06000050,Cheshire West and Chester,2020-12-28,28 Dec – 24 Jan,6598,343823
E06000051,Shropshire,2020-12-28,28 Dec – 24 Jan,5112,325415
E06000052,Cornwall and Isles of Scilly,2020-12-28,28 Dec – 24 Jan,6441,575525
E06000054,Wiltshire,2020-12-28,28 Dec – 24 Jan,6340,504070
E06000055,Bedford,2020-12-28,28 Dec – 24 Jan,5271,174687
E06000056,Central Bedfordshire,2020-12-28,28 Dec – 24 Jan,5670,294096
E06000057,Northumberland,2020-12-28,28 Dec – 24 Jan,3696,323820
E06000058,"Bournemouth, Christchurch and Poole",2020-12-28,28 Dec – 24 Jan,11690,396989
E06000059,Dorset,2020-12-28,28 Dec – 24 Jan,4659,379791
E06000060,Buckinghamshire,2020-12-28,28 Dec – 24 Jan,11506,547060
E07000008,Cambridge,2020-12-28,28 Dec – 24 Jan,2019,125063
E07000009,East Cambridgeshire,2020-12-28,28 Dec – 24 Jan,1202,90172
E07000010,Fenland,2020-12-28,28 Dec – 24 Jan,1814,102080
E07000011,Huntingdonshire,2020-12-28,28 Dec – 24 Jan,2979,178985
E07000012,South Cambridgeshire,2020-12-28,28 Dec – 24 Jan,2178,160904
E07000026,Allerdale,2020-12-28,28 Dec – 24 Jan,2045,97831
E07000027,Barrow-in-Furness,2020-12-28,28 Dec – 24 Jan,1291,66726
E07000028,Carlisle,2020-12-28,28 Dec – 24 Jan,3733,108524
E07000029,Copeland,2020-12-28,28 Dec – 24 Jan,1151,68041
E07000030,Eden,2020-12-28,28 Dec – 24 Jan,1143,53754
E07000031,South Lakeland,2020-12-28,28 Dec – 24 Jan,1240,104905
E07000032,Amber Valley,2020-12-28,28 Dec – 24 Jan,2392,128829
E07000033,Bolsover,2020-12-28,28 Dec – 24 Jan,1524,81305
E07000034,Chesterfield,2020-12-28,28 Dec – 24 Jan,1592,104930
E07000035,Derbyshire Dales,2020-12-28,28 Dec – 24 Jan,712,72422
E07000036,Erewash,2020-12-28,28 Dec – 24 Jan,1933,115332
E07000037,High Peak,2020-12-28,28 Dec – 24 Jan,1164,92633
E07000038,North East Derbyshire,2020-12-28,28 Dec – 24 Jan,1413,102216
E07000039,South Derbyshire,2020-12-28,28 Dec – 24 Jan,1772,109516
E07000040,East Devon,2020-12-28,28 Dec – 24 Jan,1141,148080
E07000041,Exeter,2020-12-28,28 Dec – 24 Jan,1232,133333
E07000042,Mid Devon,2020-12-28,28 Dec – 24 Jan,709,83290
E07000043,North Devon,2020-12-28,28 Dec – 24 Jan,406,98170
E07000044,South Hams,2020-12-28,28 Dec – 24 Jan,609,87946
E07000045,Teignbridge,2020-12-28,28 Dec – 24 Jan,1076,135039
E07000046,Torridge,2020-12-28,28 Dec – 24 Jan,236,68719
E07000047,West Devon,2020-12-28,28 Dec – 24 Jan,331,56139
E07000061,Eastbourne,2020-12-28,28 Dec – 24 Jan,3490,103324
E07000062,Hastings,2020-12-28,28 Dec – 24 Jan,2330,92554
E07000063,Lewes,2020-12-28,28 Dec – 24 Jan,2328,103525
E07000064,Rother,2020-12-28,28 Dec – 24 Jan,1874,96716
E07000065,Wealden,2020-12-28,28 Dec – 24 Jan,3606,162733
E07000066,Basildon,2020-12-28,28 Dec – 24 Jan,5947,187558
E07000067,Braintree,2020-12-28,28 Dec – 24 Jan,4551,153091
E07000068,Brentwood,2020-12-28,28 Dec – 24 Jan,2172,77242
E07000069,Castle Point,2020-12-28,28 Dec – 24 Jan,3349,90524
E07000070,Chelmsford,2020-12-28,28 Dec – 24 Jan,5048,179549
E07000071,Colchester,2020-12-28,28 Dec – 24 Jan,5269,197200
E07000072,Epping Forest,2020-12-28,28 Dec – 24 Jan,4398,132175
E07000073,Harlow,2020-12-28,28 Dec – 24 Jan,3519,87280
E07000074,Maldon,2020-12-28,28 Dec – 24 Jan,1710,65401
E07000075,Rochford,2020-12-28,28 Dec – 24 Jan,2248,87627
E07000076,Tendring,2020-12-28,28 Dec – 24 Jan,5270,147353
E07000077,Uttlesford,2020-12-28,28 Dec – 24 Jan,1975,92759
E07000078,Cheltenham,2020-12-28,28 Dec – 24 Jan,1137,116043
E07000079,Cotswold,2020-12-28,28 Dec – 24 Jan,790,90264
E07000080,Forest of Dean,2020-12-28,28 Dec – 24 Jan,1160,87107
E07000081,Gloucester,2020-12-28,28 Dec – 24 Jan,2157,129709
E07000082,Stroud,2020-12-28,28 Dec – 24 Jan,942,120903
E07000083,Tewkesbury,2020-12-28,28 Dec – 24 Jan,998,96624
E07000084,Basingstoke and Deane,2020-12-28,28 Dec – 24 Jan,3289,177760
E07000085,East Hampshire,2020-12-28,28 Dec – 24 Jan,1759,123838
E07000086,Eastleigh,2020-12-28,28 Dec – 24 Jan,2224,135520
E07000087,Fareham,2020-12-28,28 Dec – 24 Jan,2005,116338
E07000088,Gosport,2020-12-28,28 Dec – 24 Jan,1402,84679
E07000089,Hart,2020-12-28,28 Dec – 24 Jan,1936,97608
E07000090,Havant,2020-12-28,28 Dec – 24 Jan,2692,126339
E07000091,New Forest,2020-12-28,28 Dec – 24 Jan,2486,179649
E07000092,Rushmoor,2020-12-28,28 Dec – 24 Jan,3749,94387
E07000093,Test Valley,2020-12-28,28 Dec – 24 Jan,2056,127163
E07000094,Winchester,2020-12-28,28 Dec – 24 Jan,1691,125925
E07000095,Broxbourne,2020-12-28,28 Dec – 24 Jan,3524,97592
E07000096,Dacorum,2020-12-28,28 Dec – 24 Jan,3232,155457
E07000098,Hertsmere,2020-12-28,28 Dec – 24 Jan,3094,105471
E07000099,North Hertfordshire,2020-12-28,28 Dec – 24 Jan,2622,133463
E07000102,Three Rivers,2020-12-28,28 Dec – 24 Jan,2264,93966
E07000103,Watford,2020-12-28,28 Dec – 24 Jan,2905,96623
E07000105,Ashford,2020-12-28,28 Dec – 24 Jan,3147,131018
E07000106,Canterbury,2020-12-28,28 Dec – 24 Jan,3014,166762
E07000107,Dartford,2020-12-28,28 Dec – 24 Jan,3886,114051
E07000108,Dover,2020-12-28,28 Dec – 24 Jan,2211,118514
E07000109,Gravesham,2020-12-28,28 Dec – 24 Jan,3806,106890
E07000110,Maidstone,2020-12-28,28 Dec – 24 Jan,4126,173132
E07000111,Sevenoaks,2020-12-28,28 Dec – 24 Jan,2621,121387
E07000112,Folkestone and Hythe,2020-12-28,28 Dec – 24 Jan,2987,113320
E07000113,Swale,2020-12-28,28 Dec – 24 Jan,3322,151015
E07000114,Thanet,2020-12-28,28 Dec – 24 Jan,3304,141458
E07000115,Tonbridge and Malling,2020-12-28,28 Dec – 24 Jan,2696,132571
E07000116,Tunbridge Wells,2020-12-28,28 Dec – 24 Jan,2010,118939
E07000117,Burnley,2020-12-28,28 Dec – 24 Jan,2786,89344
E07000118,Chorley,2020-12-28,28 Dec – 24 Jan,1718,118870
E07000119,Fylde,2020-12-28,28 Dec – 24 Jan,1034,81211
E07000120,Hyndburn,2020-12-28,28 Dec – 24 Jan,2099,81133
E07000121,Lancaster,2020-12-28,28 Dec – 24 Jan,2695,148119
E07000122,Pendle,2020-12-28,28 Dec – 24 Jan,2602,92145
E07000123,Preston,2020-12-28,28 Dec – 24 Jan,2662,144147
E07000124,Ribble Valley,2020-12-28,28 Dec – 24 Jan,1223,62026
E07000125,Rossendale,2020-12-28,28 Dec – 24 Jan,1355,71432
E07000126,South Ribble,2020-12-28,28 Dec – 24 Jan,1983,111086
E07000127,West Lancashire,2020-12-28,28 Dec – 24 Jan,2132,114496
E07000128,Wyre,2020-12-28,28 Dec – 24 Jan,1681,113067
E07000129,Blaby,2020-12-28,28 Dec – 24 Jan,1673,101950
E07000130,Charnwood,2020-12-28,28 Dec – 24 Jan,2370,188416
E07000131,Harborough,2020-12-28,28 Dec – 24 Jan,1348,95537
E07000132,Hinckley and Bosworth,2020-12-28,28 Dec – 24 Jan,1521,113666
E07000133,Melton,2020-12-28,28 Dec – 24 Jan,532,51394
E07000134,North West Leicestershire,2020-12-28,28 Dec – 24 Jan,1512,104809
E07000135,Oadby and Wigston,2020-12-28,28 Dec – 24 Jan,1011,57313
E07000136,Boston,2020-12-28,28 Dec – 24 Jan,650,70837
E07000137,East Lindsey,2020-12-28,28 Dec – 24 Jan,823,142030
E07000138,Lincoln,2020-12-28,28 Dec – 24 Jan,1310,100049
E07000139,North Kesteven,2020-12-28,28 Dec – 24 Jan,1187,118149
E07000140,South Holland,2020-12-28,28 Dec – 24 Jan,1153,95857
E07000141,South Kesteven,2020-12-28,28 Dec – 24 Jan,1974,143225
E07000142,West Lindsey,2020-12-28,28 Dec – 24 Jan,868,96186
E07000143,Breckland,2020-12-28,28 Dec – 24 Jan,2695,141255
E07000144,Broadland,2020-12-28,28 Dec – 24 Jan,2546,131931
E07000145,Great Yarmouth,2020-12-28,28 Dec – 24 Jan,2172,99198
E07000146,King's Lynn and West Norfolk,2020-12-28,28 Dec – 24 Jan,2638,151245
E07000147,North Norfolk,2020-12-28,28 Dec – 24 Jan,1330,105167
E07000148,Norwich,2020-12-28,28 Dec – 24 Jan,3048,142177
E07000149,South Norfolk,2020-12-28,28 Dec – 24 Jan,2187,143066
E07000150,Corby,2020-12-28,28 Dec – 24 Jan,2162,73053
E07000151,Daventry,2020-12-28,28 Dec – 24 Jan,1499,86951
E07000152,East Northamptonshire,2020-12-28,28 Dec – 24 Jan,1297,95103
E07000153,Kettering,2020-12-28,28 Dec – 24 Jan,1875,102211
E07000154,Northampton,2020-12-28,28 Dec – 24 Jan,6477,224290
E07000155,South Northamptonshire,2020-12-28,28 Dec – 24 Jan,1656,95492
E07000156,Wellingborough,2020-12-28,28 Dec – 24 Jan,1585,80081
E07000163,Craven,2020-12-28,28 Dec – 24 Jan,842,57338
E07000164,Hambleton,2020-12-28,28 Dec – 24 Jan,1293,91932
E07000165,Harrogate,2020-12-28,28 Dec – 24 Jan,2187,161545
E07000166,Richmondshire,2020-12-28,28 Dec – 24 Jan,853,53732
E07000167,Ryedale,2020-12-28,28 Dec – 24 Jan,599,55629
E07000168,Scarborough,2020-12-28,28 Dec – 24 Jan,1115,108737
E07000169,Selby,2020-12-28,28 Dec – 24 Jan,1366,91697
E07000170,Ashfield,2020-12-28,28 Dec – 24 Jan,2770,128337
E07000171,Bassetlaw,2020-12-28,28 Dec – 24 Jan,1433,118280
E07000172,Broxtowe,2020-12-28,28 Dec – 24 Jan,1666,114627
E07000173,Gedling,2020-12-28,28 Dec – 24 Jan,1952,118239
E07000174,Mansfield,2020-12-28,28 Dec – 24 Jan,2335,109351
E07000175,Newark and Sherwood,2020-12-28,28 Dec – 24 Jan,1611,123127
E07000176,Rushcliffe,2020-12-28,28 Dec – 24 Jan,1490,121416
E07000177,Cherwell,2020-12-28,28 Dec – 24 Jan,3959,151846
E07000178,Oxford,2020-12-28,28 Dec – 24 Jan,3113,151584
E07000179,South Oxfordshire,2020-12-28,28 Dec – 24 Jan,2130,143782
E07000180,Vale of White Horse,2020-12-28,28 Dec – 24 Jan,1817,137910
E07000181,West Oxfordshire,2020-12-28,28 Dec – 24 Jan,1369,111758
E07000187,Mendip,2020-12-28,28 Dec – 24 Jan,1222,116288
E07000188,Sedgemoor,2020-12-28,28 Dec – 24 Jan,1770,123446
E07000189,South Somerset,2020-12-28,28 Dec – 24 Jan,1741,168696
E07000192,Cannock Chase,2020-12-28,28 Dec – 24 Jan,2167,101484
E07000193,East Staffordshire,2020-12-28,28 Dec – 24 Jan,2551,120923
E07000194,Lichfield,2020-12-28,28 Dec – 24 Jan,1785,105637
E07000195,Newcastle-under-Lyme,2020-12-28,28 Dec – 24 Jan,1560,129610
E07000196,South Staffordshire,2020-12-28,28 Dec – 24 Jan,2668,112369
E07000197,Stafford,2020-12-28,28 Dec – 24 Jan,2228,137858
E07000198,Staffordshire Moorlands,2020-12-28,28 Dec – 24 Jan,1002,98427
E07000199,Tamworth,2020-12-28,28 Dec – 24 Jan,1428,76864
E07000200,Babergh,2020-12-28,28 Dec – 24 Jan,1595,92735
E07000202,Ipswich,2020-12-28,28 Dec – 24 Jan,3070,135979
E07000203,Mid Suffolk,2020-12-28,28 Dec – 24 Jan,1445,104857
E07000207,Elmbridge,2020-12-28,28 Dec – 24 Jan,2753,137215
E07000208,Epsom and Ewell,2020-12-28,28 Dec – 24 Jan,2000,81003
E07000209,Guildford,2020-12-28,28 Dec – 24 Jan,2585,150352
E07000210,Mole Valley,2020-12-28,28 Dec – 24 Jan,1635,87547
E07000211,Reigate and Banstead,2020-12-28,28 Dec – 24 Jan,3849,149243
E07000212,Runnymede,2020-12-28,28 Dec – 24 Jan,1751,90327
E07000213,Spelthorne,2020-12-28,28 Dec – 24 Jan,2890,99873
E07000214,Surrey Heath,2020-12-28,28 Dec – 24 Jan,2270,89204
E07000215,Tandridge,2020-12-28,28 Dec – 24 Jan,2265,88542
E07000216,Waverley,2020-12-28,28 Dec – 24 Jan,2360,126556
E07000217,Woking,2020-12-28,28 Dec – 24 Jan,2517,100008
E07000218,North Warwickshire,2020-12-28,28 Dec – 24 Jan,1111,65452
E07000219,Nuneaton and Bedworth,2020-12-28,28 Dec – 24 Jan,2291,130373
E07000220,Rugby,2020-12-28,28 Dec – 24 Jan,1896,110650
E07000221,Stratford-on-Avon,2020-12-28,28 Dec – 24 Jan,1523,132402
E07000222,Warwick,2020-12-28,28 Dec – 24 Jan,1804,144909
E07000223,Adur,2020-12-28,28 Dec – 24 Jan,1399,64187
E07000224,Arun,2020-12-28,28 Dec – 24 Jan,3796,161123
E07000225,Chichester,2020-12-28,28 Dec – 24 Jan,2105,121508
E07000226,Crawley,2020-12-28,28 Dec – 24 Jan,3919,112474
E07000227,Horsham,2020-12-28,28 Dec – 24 Jan,2416,145474
E07000228,Mid Sussex,2020-12-28,28 Dec – 24 Jan,2661,152142
E07000229,Worthing,2020-12-28,28 Dec – 24 Jan,2616,110727
E07000234,Bromsgrove,2020-12-28,28 Dec – 24 Jan,2105,100569
E07000235,Malvern Hills,2020-12-28,28 Dec – 24 Jan,922,79445
E07000236,Redditch,2020-12-28,28 Dec – 24 Jan,2021,85568
E07000237,Worcester,2020-12-28,28 Dec – 24 Jan,2561,100265
E07000238,Wychavon,2020-12-28,28 Dec – 24 Jan,2339,131084
E07000239,Wyre Forest,2020-12-28,28 Dec – 24 Jan,1693,101139
E07000240,St Albans,2020-12-28,28 Dec – 24 Jan,2835,149317
E07000241,Welwyn Hatfield,2020-12-28,28 Dec – 24 Jan,3561,123893
E07000242,East Hertfordshire,2020-12-28,28 Dec – 24 Jan,3188,151786
E07000243,Stevenage,2020-12-28,28 Dec – 24 Jan,2502,88104
E07000244,East Suffolk,2020-12-28,28 Dec – 24 Jan,3827,250373
E07000245,West Suffolk,2020-12-28,28 Dec – 24 Jan,2615,177302
E07000246,Somerset West and Taunton,2020-12-28,28 Dec – 24 Jan,2417,155421
E08000001,Bolton,2020-12-28,28 Dec – 24 Jan,4085,288248
E08000002,Bury,2020-12-28,28 Dec – 24 Jan,3058,190708
E08000003,Manchester,2020-12-28,28 Dec – 24 Jan,9465,555741
E08000004,Oldham,2020-12-28,28 Dec – 24 Jan,3073,237628
E08000005,Rochdale,2020-12-28,28 Dec – 24 Jan,3247,223659
E08000006,Salford,2020-12-28,28 Dec – 24 Jan,4070,262697
E08000007,Stockport,2020-12-28,28 Dec – 24 Jan,4438,294197
E08000008,Tameside,2020-12-28,28 Dec – 24 Jan,3199,227117
E08000009,Trafford,2020-12-28,28 Dec – 24 Jan,3749,237579
E08000010,Wigan,2020-12-28,28 Dec – 24 Jan,5374,330712
E08000011,Knowsley,2020-12-28,28 Dec – 24 Jan,6442,152452
E08000012,Liverpool,2020-12-28,28 Dec – 24 Jan,15484,500474
E08000013,St. Helens,2020-12-28,28 Dec – 24 Jan,5285,181095
E08000014,Sefton,2020-12-28,28 Dec – 24 Jan,8679,275899
E08000015,Wirral,2020-12-28,28 Dec – 24 Jan,9567,324336
E08000016,Barnsley,2020-12-28,28 Dec – 24 Jan,2587,248071
E08000017,Doncaster,2020-12-28,28 Dec – 24 Jan,3769,312785
E08000018,Rotherham,2020-12-28,28 Dec – 24 Jan,3168,264984
E08000019,Sheffield,2020-12-28,28 Dec – 24 Jan,6270,589214
E08000021,Newcastle upon Tyne,2020-12-28,28 Dec – 24 Jan,3256,306824
E08000022,North Tyneside,2020-12-28,28 Dec – 24 Jan,2064,208871
E08000023,South Tyneside,2020-12-28,28 Dec – 24 Jan,2285,151133
E08000024,Sunderland,2020-12-28,28 Dec – 24 Jan,4930,277846
E08000025,Birmingham,2020-12-28,28 Dec – 24 Jan,31647,1140525
E08000026,Coventry,2020-12-28,28 Dec – 24 Jan,7495,379387
E08000027,Dudley,2020-12-28,28 Dec – 24 Jan,8376,322363
E08000028,Sandwell,2020-12-28,28 Dec – 24 Jan,11604,329042
E08000029,Solihull,2020-12-28,28 Dec – 24 Jan,4360,217487
E08000030,Walsall,2020-12-28,28 Dec – 24 Jan,8404,286716
E08000031,Wolverhampton,2020-12-28,28 Dec – 24 Jan,9264,264407
E08000032,Bradford,2020-12-28,28 Dec – 24 Jan,6321,542128
E08000033,Calderdale,2020-12-28,28 Dec – 24 Jan,2176,211439
E08000034,Kirklees,2020-12-28,28 Dec – 24 Jan,4919,441290
E08000035,Leeds,2020-12-28,28 Dec – 24 Jan,9945,798786
E08000036,Wakefield,2020-12-28,28 Dec – 24 Jan,3724,351592
E08000037,Gateshead,2020-12-28,28 Dec – 24 Jan,2733,201950
E09000002,Barking and Dagenham,2020-12-28,28 Dec – 24 Jan,9879,214107
E09000003,Barnet,2020-12-28,28 Dec – 24 Jan,12180,399007
E09000004,Bexley,2020-12-28,28 Dec – 24 Jan,8371,249301
E09000005,Brent,2020-12-28,28 Dec – 24 Jan,12304,327753
E09000006,Bromley,2020-12-28,28 Dec – 24 Jan,9457,332752
E09000007,Camden,2020-12-28,28 Dec – 24 Jan,5563,279516
E09000008,Croydon,2020-12-28,28 Dec – 24 Jan,13375,388563
E09000009,Ealing,2020-12-28,28 Dec – 24 Jan,12523,340341
E09000010,Enfield,2020-12-28,28 Dec – 24 Jan,11804,333587
E09000011,Greenwich,2020-12-28,28 Dec – 24 Jan,9733,289034
E09000012,Hackney and City of London,2020-12-28,28 Dec – 24 Jan,8374,291879
E09000013,Hammersmith and Fulham,2020-12-28,28 Dec – 24 Jan,4570,183544
E09000014,Haringey,2020-12-28,28 Dec – 24 Jan,8525,266357
E09000015,Harrow,2020-12-28,28 Dec – 24 Jan,7739,252338
E09000016,Havering,2020-12-28,28 Dec – 24 Jan,8838,260651
E09000017,Hillingdon,2020-12-28,28 Dec – 24 Jan,10135,309014
E09000018,Hounslow,2020-12-28,28 Dec – 24 Jan,10295,271767
E09000019,Islington,2020-12-28,28 Dec – 24 Jan,5781,248115
E09000020,Kensington and Chelsea,2020-12-28,28 Dec – 24 Jan,3193,156864
E09000021,Kingston upon Thames,2020-12-28,28 Dec – 24 Jan,4001,179142
E09000022,Lambeth,2020-12-28,28 Dec – 24 Jan,9805,321813
E09000023,Lewisham,2020-12-28,28 Dec – 24 Jan,9598,305309
E09000024,Merton,2020-12-28,28 Dec – 24 Jan,6192,206453
E09000025,Newham,2020-12-28,28 Dec – 24 Jan,15310,355266
E09000026,Redbridge,2020-12-28,28 Dec – 24 Jan,12333,305658
E09000027,Richmond upon Thames,2020-12-28,28 Dec – 24 Jan,3450,198141
E09000028,Southwark,2020-12-28,28 Dec – 24 Jan,9628,320017
E09000029,Sutton,2020-12-28,28 Dec – 24 Jan,6441,207707
E09000030,Tower Hamlets,2020-12-28,28 Dec – 24 Jan,11714,331969
E09000031,Waltham Forest,2020-12-28,28 Dec – 24 Jan,9711,276940
E09000032,Wandsworth,2020-12-28,28 Dec – 24 Jan,8054,329735
E09000033,Westminster,2020-12-28,28 Dec – 24 Jan,5050,269848
E06000001,Hartlepool,2021-01-25,25 Jan – 21 Feb,835,93836
E06000002,Middlesbrough,2021-01-25,25 Jan – 21 Feb,1865,141285
E06000003,Redcar and Cleveland,2021-01-25,25 Jan – 21 Feb,1171,137228
E06000004,Stockton-on-Tees,2021-01-25,25 Jan – 21 Feb,1960,197419
E06000005,Darlington,2021-01-25,25 Jan – 21 Feb,890,107402
E06000006,Halton,2021-01-25,25 Jan – 21 Feb,1307,129759
E06000007,Warrington,2021-01-25,25 Jan – 21 Feb,1859,209397
E06000008,Blackburn with Darwen,2021-01-25,25 Jan – 21 Feb,1719,150030
E06000009,Blackpool,2021-01-25,25 Jan – 21 Feb,1004,138381
E06000010,"Kingston upon Hull, City of",2021-01-25,25 Jan – 21 Feb,1665,259126
E06000011,East Riding of Yorkshire,2021-01-25,25 Jan – 21 Feb,1827,343201
E06000012,North East Lincolnshire,2021-01-25,25 Jan – 21 Feb,721,159364
E06000013,North Lincolnshire,2021-01-25,25 Jan – 21 Feb,756,172748
E06000014,York,2021-01-25,25 Jan – 21 Feb,980,211012
E06000015,Derby,2021-01-25,25 Jan – 21 Feb,2682,256814
E06000016,Leicester,2021-01-25,25 Jan – 21 Feb,4298,354036
E06000017,Rutland,2021-01-25,25 Jan – 21 Feb,443,40476
E06000018,Nottingham,2021-01-25,25 Jan – 21 Feb,3594,337098
E06000019,"Herefordshire, County of",2021-01-25,25 Jan – 21 Feb,829,193615
E06000020,Telford and Wrekin,2021-01-25,25 Jan – 21 Feb,1752,181322
E06000021,Stoke-on-Trent,2021-01-25,25 Jan – 21 Feb,2014,256622
E06000022,Bath and North East Somerset,2021-01-25,25 Jan – 21 Feb,795,196357
E06000023,"Bristol, City of",2021-01-25,25 Jan – 21 Feb,3353,465866
E06000024,North Somerset,2021-01-25,25 Jan – 21 Feb,1032,215574
E06000025,South Gloucestershire,2021-01-25,25 Jan – 21 Feb,1812,287816
E06000026,Plymouth,2021-01-25,25 Jan – 21 Feb,714,262839
E06000027,Torbay,2021-01-25,25 Jan – 21 Feb,658,136218
E06000030,Swindon,2021-01-25,25 Jan – 21 Feb,1222,222881
E06000031,Peterborough,2021-01-25,25 Jan – 21 Feb,2582,202626
E06000032,Luton,2021-01-25,25 Jan – 21 Feb,2686,213528
E06000033,Southend-on-Sea,2021-01-25,25 Jan – 21 Feb,1176,182773
E06000034,Thurrock,2021-01-25,25 Jan – 21 Feb,1238,175531
E06000035,Medway,2021-01-25,25 Jan – 21 Feb,1548,279142
E06000036,Bracknell Forest,2021-01-25,25 Jan – 21 Feb,763,124165
E06000037,West Berkshire,2021-01-25,25 Jan – 21 Feb,853,158465
E06000038,Reading,2021-01-25,25 Jan – 21 Feb,1262,160337
E06000039,Slough,2021-01-25,25 Jan – 21 Feb,1858,149577
E06000040,Windsor and Maidenhead,2021-01-25,25 Jan – 21 Feb,746,151273
E06000041,Wokingham,2021-01-25,25 Jan – 21 Feb,766,173945
E06000042,Milton Keynes,2021-01-25,25 Jan – 21 Feb,1990,270203
E06000043,Brighton and Hove,2021-01-25,25 Jan – 21 Feb,1198,291738
E06000044,Portsmouth,2021-01-25,25 Jan – 21 Feb,1675,214692
E06000045,Southampton,2021-01-25,25 Jan – 21 Feb,2024,252872
E06000046,Isle of Wight,2021-01-25,25 Jan – 21 Feb,675,142296
E06000047,County Durham,2021-01-25,25 Jan – 21 Feb,4012,533149
E06000049,Cheshire East,2021-01-25,25 Jan – 21 Feb,2387,386667
E06000050,Cheshire West and Chester,2021-01-25,25 Jan – 21 Feb,2527,343823
E06000051,Shropshire,2021-01-25,25 Jan – 21 Feb,2254,325415
E06000052,Cornwall and Isles of Scilly,2021-01-25,25 Jan – 21 Feb,1878,575525
E06000054,Wiltshire,2021-01-25,25 Jan – 21 Feb,2479,504070
E06000055,Bedford,2021-01-25,25 Jan – 21 Feb,1769,174687
E06000056,Central Bedfordshire,2021-01-25,25 Jan – 21 Feb,1850,294096
E06000057,Northumberland,2021-01-25,25 Jan – 21 Feb,1766,323820
E06000058,"Bournemouth, Christchurch and Poole",2021-01-25,25 Jan – 21 Feb,3480,396989
E06000059,Dorset,2021-01-25,25 Jan – 21 Feb,2025,379791
E06000060,Buckinghamshire,2021-01-25,25 Jan – 21 Feb,3787,547060
E07000008,Cambridge,2021-01-25,25 Jan – 21 Feb,529,125063
E07000009,East Cambridgeshire,2021-01-25,25 Jan – 21 Feb,418,90172
E07000010,Fenland,2021-01-25,25 Jan – 21 Feb,1050,102080
E07000011,Huntingdonshire,2021-01-25,25 Jan – 21 Feb,1173,178985
E07000012,South Cambridgeshire,2021-01-25,25 Jan – 21 Feb,753,160904
E07000026,Allerdale,2021-01-25,25 Jan – 21 Feb,853,97831
E07000027,Barrow-in-Furness,2021-01-25,25 Jan – 21 Feb,559,66726
E07000028,Carlisle,2021-01-25,25 Jan – 21 Feb,731,108524
E07000029,Copeland,2021-01-25,25 Jan – 21 Feb,507,68041
E07000030,Eden,2021-01-25,25 Jan – 21 Feb,313,53754
E07000031,South Lakeland,2021-01-25,25 Jan – 21 Feb,377,104905
E07000032,Amber Valley,2021-01-25,25 Jan – 21 Feb,1046,128829
E07000033,Bolsover,2021-01-25,25 Jan – 21 Feb,863,81305
E07000034,Chesterfield,2021-01-25,25 Jan – 21 Feb,887,104930
E07000035,Derbyshire Dales,2021-01-25,25 Jan – 21 Feb,390,72422
E07000036,Erewash,2021-01-25,25 Jan – 21 Feb,1050,115332
E07000037,High Peak,2021-01-25,25 Jan – 21 Feb,644,92633
E07000038,North East Derbyshire,2021-01-25,25 Jan – 21 Feb,717,102216
E07000039,South Derbyshire,2021-01-25,25 Jan – 21 Feb,953,109516
E07000040,East Devon,2021-01-25,25 Jan – 21 Feb,373,148080
E07000041,Exeter,2021-01-25,25 Jan – 21 Feb,306,133333
E07000042,Mid Devon,2021-01-25,25 Jan – 21 Feb,337,83290
E07000043,North Devon,2021-01-25,25 Jan – 21 Feb,105,98170
E07000044,South Hams,2021-01-25,25 Jan – 21 Feb,153,87946
E07000045,Teignbridge,2021-01-25,25 Jan – 21 Feb,370,135039
E07000046,Torridge,2021-01-25,25 Jan – 21 Feb,50,68719
E07000047,West Devon,2021-01-25,25 Jan – 21 Feb,84,56139
E07000061,Eastbourne,2021-01-25,25 Jan – 21 Feb,645,103324
E07000062,Hastings,2021-01-25,25 Jan – 21 Feb,540,92554
E07000063,Lewes,2021-01-25,25 Jan – 21 Feb,540,103525
E07000064,Rother,2021-01-25,25 Jan – 21 Feb,322,96716
E07000065,Wealden,2021-01-25,25 Jan – 21 Feb,653,162733
E07000066,Basildon,2021-01-25,25 Jan – 21 Feb,1109,187558
E07000067,Braintree,2021-01-25,25 Jan – 21 Feb,1028,153091
E07000068,Brentwood,2021-01-25,25 Jan – 21 Feb,364,77242
E07000069,Castle Point,2021-01-25,25 Jan – 21 Feb,565,90524
E07000070,Chelmsford,2021-01-25,25 Jan – 21 Feb,1002,179549
E07000071,Colchester,2021-01-25,25 Jan – 21 Feb,1299,197200
E07000072,Epping Forest,2021-01-25,25 Jan – 21 Feb,679,132175
E07000073,Harlow,2021-01-25,25 Jan – 21 Feb,681,87280
E07000074,Maldon,2021-01-25,25 Jan – 21 Feb,315,65401
E07000075,Rochford,2021-01-25,25 Jan – 21 Feb,472,87627
E07000076,Tendring,2021-01-25,25 Jan – 21 Feb,1333,147353
E07000077,Uttlesford,2021-01-25,25 Jan – 21 Feb,414,92759
E07000078,Cheltenham,2021-01-25,25 Jan – 21 Feb,350,116043
E07000079,Cotswold,2021-01-25,25 Jan – 21 Feb,253,90264
E07000080,Forest of Dean,2021-01-25,25 Jan – 21 Feb,348,87107
E07000081,Gloucester,2021-01-25,25 Jan – 21 Feb,588,129709
E07000082,Stroud,2021-01-25,25 Jan – 21 Feb,494,120903
E07000083,Tewkesbury,2021-01-25,25 Jan – 21 Feb,305,96624
E07000084,Basingstoke and Deane,2021-01-25,25 Jan – 21 Feb,866,177760
E07000085,East Hampshire,2021-01-25,25 Jan – 21 Feb,580,123838
E07000086,Eastleigh,2021-01-25,25 Jan – 21 Feb,852,135520
E07000087,Fareham,2021-01-25,25 Jan – 21 Feb,711,116338
E07000088,Gosport,2021-01-25,25 Jan – 21 Feb,627,84679
E07000089,Hart,2021-01-25,25 Jan – 21 Feb,396,97608
E07000090,Havant,2021-01-25,25 Jan – 21 Feb,678,126339
E07000091,New Forest,2021-01-25,25 Jan – 21 Feb,795,179649
E07000092,Rushmoor,2021-01-25,25 Jan – 21 Feb,763,94387
E07000093,Test Valley,2021-01-25,25 Jan – 21 Feb,865,127163
E07000094,Winchester,2021-01-25,25 Jan – 21 Feb,511,125925
E07000095,Broxbourne,2021-01-25,25 Jan – 21 Feb,653,97592
E07000096,Dacorum,2021-01-25,25 Jan – 21 Feb,879,155457
E07000098,Hertsmere,2021-01-25,25 Jan – 21 Feb,753,105471
E07000099,North Hertfordshire,2021-01-25,25 Jan – 21 Feb,798,133463
E07000102,Three Rivers,2021-01-25,25 Jan – 21 Feb,533,93966
E07000103,Watford,2021-01-25,25 Jan – 21 Feb,800,96623
E07000105,Ashford,2021-01-25,25 Jan – 21 Feb,649,131018
E07000106,Canterbury,2021-01-25,25 Jan – 21 Feb,564,166762
E07000107,Dartford,2021-01-25,25 Jan – 21 Feb,675,114051
E07000108,Dover,2021-01-25,25 Jan – 21 Feb,476,118514
E07000109,Gravesham,2021-01-25,25 Jan – 21 Feb,724,106890
E07000110,Maidstone,2021-01-25,25 Jan – 21 Feb,931,173132
E07000111,Sevenoaks,2021-01-25,25 Jan – 21 Feb,487,121387
E07000112,Folkestone and Hythe,2021-01-25,25 Jan – 21 Feb,635,113320
E07000113,Swale,2021-01-25,25 Jan – 21 Feb,715,151015
E07000114,Thanet,2021-01-25,25 Jan – 21 Feb,772,141458
E07000115,Tonbridge and Malling,2021-01-25,25 Jan – 21 Feb,468,132571
E07000116,Tunbridge Wells,2021-01-25,25 Jan – 21 Feb,464,118939
E07000117,Burnley,2021-01-25,25 Jan – 21 Feb,745,89344
E07000118,Chorley,2021-01-25,25 Jan – 21 Feb,947,118870
E07000119,Fylde,2021-01-25,25 Jan – 21 Feb,584,81211
E07000120,Hyndburn,2021-01-25,25 Jan – 21 Feb,747,81133
E07000121,Lancaster,2021-01-25,25 Jan – 21 Feb,1168,148119
E07000122,Pendle,2021-01-25,25 Jan – 21 Feb,853,92145
E07000123,Preston,2021-01-25,25 Jan – 21 Feb,1706,144147
E07000124,Ribble Valley,2021-01-25,25 Jan – 21 Feb,452,62026
E07000125,Rossendale,2021-01-25,25 Jan – 21 Feb,475,71432
E07000126,South Ribble,2021-01-25,25 Jan – 21 Feb,1126,111086
E07000127,West Lancashire,2021-01-25,25 Jan – 21 Feb,907,114496
E07000128,Wyre,2021-01-25,25 Jan – 21 Feb,718,113067
E07000129,Blaby,2021-01-25,25 Jan – 21 Feb,835,101950
E07000130,Charnwood,2021-01-25,25 Jan – 21 Feb,1530,188416
E07000131,Harborough,2021-01-25,25 Jan – 21 Feb,651,95537
E07000132,Hinckley and Bosworth,2021-01-25,25 Jan – 21 Feb,827,113666
E07000133,Melton,2021-01-25,25 Jan – 21 Feb,313,51394
E07000134,North West Leicestershire,2021-01-25,25 Jan – 21 Feb,931,104809
E07000135,Oadby and Wigston,2021-01-25,25 Jan – 21 Feb,505,57313
E07000136,Boston,2021-01-25,25 Jan – 21 Feb,546,70837
E07000137,East Lindsey,2021-01-25,25 Jan – 21 Feb,546,142030
E07000138,Lincoln,2021-01-25,25 Jan – 21 Feb,513,100049
E07000139,North Kesteven,2021-01-25,25 Jan – 21 Feb,703,118149
E07000140,South Holland,2021-01-25,25 Jan – 21 Feb,808,95857
E07000141,South Kesteven,2021-01-25,25 Jan – 21 Feb,996,143225
E07000142,West Lindsey,2021-01-25,25 Jan – 21 Feb,462,96186
E07000143,Breckland,2021-01-25,25 Jan – 21 Feb,1066,141255
E07000144,Broadland,2021-01-25,25 Jan – 21 Feb,729,131931
E07000145,Great Yarmouth,2021-01-25,25 Jan – 21 Feb,814,99198
E07000146,King's Lynn and West Norfolk,2021-01-25,25 Jan – 21 Feb,1208,151245
E07000147,North Norfolk,2021-01-25,25 Jan – 21 Feb,358,105167
E07000148,Norwich,2021-01-25,25 Jan – 21 Feb,1116,142177
E07000149,South Norfolk,2021-01-25,25 Jan – 21 Feb,639,143066
E07000150,Corby,2021-01-25,25 Jan – 21 Feb,1167,73053
E07000151,Daventry,2021-01-25,25 Jan – 21 Feb,540,86951
E07000152,East Northamptonshire,2021-01-25,25 Jan – 21 Feb,704,95103
E07000153,Kettering,2021-01-25,25 Jan – 21 Feb,1143,102211
E07000154,Northampton,2021-01-25,25 Jan – 21 Feb,2357,224290
E07000155,South Northamptonshire,2021-01-25,25 Jan – 21 Feb,423,95492
E07000156,Wellingborough,2021-01-25,25 Jan – 21 Feb,845,80081
E07000163,Craven,2021-01-25,25 Jan – 21 Feb,205,57338
E07000164,Hambleton,2021-01-25,25 Jan – 21 Feb,483,91932
E07000165,Harrogate,2021-01-25,25 Jan – 21 Feb,784,161545
E07000166,Richmondshire,2021-01-25,25 Jan – 21 Feb,317,53732
E07000167,Ryedale,2021-01-25,25 Jan – 21 Feb,207,55629
E07000168,Scarborough,2021-01-25,25 Jan – 21 Feb,364,108737
E07000169,Selby,2021-01-25,25 Jan – 21 Feb,520,91697
E07000170,Ashfield,2021-01-25,25 Jan – 21 Feb,1538,128337
E07000171,Bassetlaw,2021-01-25,25 Jan – 21 Feb,1128,118280
E07000172,Broxtowe,2021-01-25,25 Jan – 21 Feb,913,114627
E07000173,Gedling,2021-01-25,25 Jan – 21 Feb,1075,118239
E07000174,Mansfield,2021-01-25,25 Jan – 21 Feb,1301,109351
E07000175,Newark and Sherwood,2021-01-25,25 Jan – 21 Feb,1093,123127
E07000176,Rushcliffe,2021-01-25,25 Jan – 21 Feb,906,121416
E07000177,Cherwell,2021-01-25,25 Jan – 21 Feb,827,151846
E07000178,Oxford,2021-01-25,25 Jan – 21 Feb,979,151584
E07000179,South Oxfordshire,2021-01-25,25 Jan – 21 Feb,546,143782
E07000180,Vale of White Horse,2021-01-25,25 Jan – 21 Feb,537,137910
E07000181,West Oxfordshire,2021-01-25,25 Jan – 21 Feb,372,111758
E07000187,Mendip,2021-01-25,25 Jan – 21 Feb,456,116288
E07000188,Sedgemoor,2021-01-25,25 Jan – 21 Feb,746,123446
E07000189,South Somerset,2021-01-25,25 Jan – 21 Feb,703,168696
E07000192,Cannock Chase,2021-01-25,25 Jan – 21 Feb,963,101484
E07000193,East Staffordshire,2021-01-25,25 Jan – 21 Feb,1356,120923
E07000194,Lichfield,2021-01-25,25 Jan – 21 Feb,871,105637
E07000195,Newcastle-under-Lyme,2021-01-25,25 Jan – 21 Feb,770,129610
E07000196,South Staffordshire,2021-01-25,25 Jan – 21 Feb,1096,112369
E07000197,Stafford,2021-01-25,25 Jan – 21 Feb,839,137858
E07000198,Staffordshire Moorlands,2021-01-25,25 Jan – 21 Feb,476,98427
E07000199,Tamworth,2021-01-25,25 Jan – 21 Feb,844,76864
E07000200,Babergh,2021-01-25,25 Jan – 21 Feb,292,92735
E07000202,Ipswich,2021-01-25,25 Jan – 21 Feb,861,135979
E07000203,Mid Suffolk,2021-01-25,25 Jan – 21 Feb,298,104857
E07000207,Elmbridge,2021-01-25,25 Jan – 21 Feb,548,137215
E07000208,Epsom and Ewell,2021-01-25,25 Jan – 21 Feb,477,81003
E07000209,Guildford,2021-01-25,25 Jan – 21 Feb,729,150352
E07000210,Mole Valley,2021-01-25,25 Jan – 21 Feb,391,87547
E07000211,Reigate and Banstead,2021-01-25,25 Jan – 21 Feb,1004,149243
E07000212,Runnymede,2021-01-25,25 Jan – 21 Feb,550,90327
E07000213,Spelthorne,2021-01-25,25 Jan – 21 Feb,789,99873
E07000214,Surrey Heath,2021-01-25,25 Jan – 21 Feb,444,89204
E07000215,Tandridge,2021-01-25,25 Jan – 21 Feb,503,88542
E07000216,Waverley,2021-01-25,25 Jan – 21 Feb,525,126556
E07000217,Woking,2021-01-25,25 Jan – 21 Feb,770,100008
E07000218,North Warwickshire,2021-01-25,25 Jan – 21 Feb,605,65452
E07000219,Nuneaton and Bedworth,2021-01-25,25 Jan – 21 Feb,1114,130373
E07000220,Rugby,2021-01-25,25 Jan – 21 Feb,870,110650
E07000221,Stratford-on-Avon,2021-01-25,25 Jan – 21 Feb,572,132402
E07000222,Warwick,2021-01-25,25 Jan – 21 Feb,741,144909
E07000223,Adur,2021-01-25,25 Jan – 21 Feb,313,64187
E07000224,Arun,2021-01-25,25 Jan – 21 Feb,1305,161123
E07000225,Chichester,2021-01-25,25 Jan – 21 Feb,674,121508
E07000226,Crawley,2021-01-25,25 Jan – 21 Feb,1053,112474
E07000227,Horsham,2021-01-25,25 Jan – 21 Feb,629,145474
E07000228,Mid Sussex,2021-01-25,25 Jan – 21 Feb,633,152142
E07000229,Worthing,2021-01-25,25 Jan – 21 Feb,619,110727
E07000234,Bromsgrove,2021-01-25,25 Jan – 21 Feb,664,100569
E07000235,Malvern Hills,2021-01-25,25 Jan – 21 Feb,440,79445
E07000236,Redditch,2021-01-25,25 Jan – 21 Feb,971,85568
E07000237,Worcester,2021-01-25,25 Jan – 21 Feb,850,100265
E07000238,Wychavon,2021-01-25,25 Jan – 21 Feb,1082,131084
E07000239,Wyre Forest,2021-01-25,25 Jan – 21 Feb,751,101139
E07000240,St Albans,2021-01-25,25 Jan – 21 Feb,768,149317
E07000241,Welwyn Hatfield,2021-01-25,25 Jan – 21 Feb,1067,123893
E07000242,East Hertfordshire,2021-01-25,25 Jan – 21 Feb,651,151786
E07000243,Stevenage,2021-01-25,25 Jan – 21 Feb,844,88104
E07000244,East Suffolk,2021-01-25,25 Jan – 21 Feb,1002,250373
E07000245,West Suffolk,2021-01-25,25 Jan – 21 Feb,805,177302
E07000246,Somerset West and Taunton,2021-01-25,25 Jan – 21 Feb,888,155421
E08000001,Bolton,2021-01-25,25 Jan – 21 Feb,3040,288248
E08000002,Bury,2021-01-25,25 Jan – 21 Feb,1742,190708
E08000003,Manchester,2021-01-25,25 Jan – 21 Feb,5121,555741
E08000004,Oldham,2021-01-25,25 Jan – 21 Feb,1955,237628
E08000005,Rochdale,2021-01-25,25 Jan – 21 Feb,1924,223659
E08000006,Salford,2021-01-25,25 Jan – 21 Feb,2443,262697
E08000007,Stockport,2021-01-25,25 Jan – 21 Feb,2480,294197
E08000008,Tameside,2021-01-25,25 Jan – 21 Feb,1985,227117
E08000009,Trafford,2021-01-25,25 Jan – 21 Feb,1624,237579
E08000010,Wigan,2021-01-25,25 Jan – 21 Feb,2736,330712
E08000011,Knowsley,2021-01-25,25 Jan – 21 Feb,1945,152452
E08000012,Liverpool,2021-01-25,25 Jan – 21 Feb,4909,500474
E08000013,St. Helens,2021-01-25,25 Jan – 21 Feb,2434,181095
E08000014,Sefton,2021-01-25,25 Jan – 21 Feb,2624,275899
E08000015,Wirral,2021-01-25,25 Jan – 21 Feb,2374,324336
E08000016,Barnsley,2021-01-25,25 Jan – 21 Feb,1929,248071
E08000017,Doncaster,2021-01-25,25 Jan – 21 Feb,2495,312785
E08000018,Rotherham,2021-01-25,25 Jan – 21 Feb,2346,264984
E08000019,Sheffield,2021-01-25,25 Jan – 21 Feb,3883,589214
E08000021,Newcastle upon Tyne,2021-01-25,25 Jan – 21 Feb,1596,306824
E08000022,North Tyneside,2021-01-25,25 Jan – 21 Feb,1483,208871
E08000023,South Tyneside,2021-01-25,25 Jan – 21 Feb,1026,151133
E08000024,Sunderland,2021-01-25,25 Jan – 21 Feb,2798,277846
E08000025,Birmingham,2021-01-25,25 Jan – 21 Feb,12666,1140525
E08000026,Coventry,2021-01-25,25 Jan – 21 Feb,3223,379387
E08000027,Dudley,2021-01-25,25 Jan – 21 Feb,3363,322363
E08000028,Sandwell,2021-01-25,25 Jan – 21 Feb,4886,329042
E08000029,Solihull,2021-01-25,25 Jan – 21 Feb,1863,217487
E08000030,Walsall,2021-01-25,25 Jan – 21 Feb,3901,286716
E08000031,Wolverhampton,2021-01-25,25 Jan – 21 Feb,3000,264407
E08000032,Bradford,2021-01-25,25 Jan – 21 Feb,5055,542128
E08000033,Calderdale,2021-01-25,25 Jan – 21 Feb,1574,211439
E08000034,Kirklees,2021-01-25,25 Jan – 21 Feb,3667,441290
E08000035,Leeds,2021-01-25,25 Jan – 21 Feb,6146,798786
E08000036,Wakefield,2021-01-25,25 Jan – 21 Feb,2830,351592
E08000037,Gateshead,2021-01-25,25 Jan – 21 Feb,1281,201950
E09000002,Barking and Dagenham,2021-01-25,25 Jan – 21 Feb,1850,214107
E09000003,Barnet,2021-01-25,25 Jan – 21 Feb,2628,399007
E09000004,Bexley,2021-01-25,25 Jan – 21 Feb,1448,249301
E09000005,Brent,2021-01-25,25 Jan – 21 Feb,3071,327753
E09000006,Bromley,2021-01-25,25 Jan – 21 Feb,1737,332752
E09000007,Camden,2021-01-25,25 Jan – 21 Feb,1028,279516
E09000008,Croydon,2021-01-25,25 Jan – 21 Feb,2748,388563
E09000009,Ealing,2021-01-25,25 Jan – 21 Feb,3609,340341
E09000010,Enfield,2021-01-25,25 Jan – 21 Feb,2069,333587
E09000011,Greenwich,2021-01-25,25 Jan – 21 Feb,1802,289034
E09000012,Hackney and City of London,2021-01-25,25 Jan – 21 Feb,1406,291879
E09000013,Hammersmith and Fulham,2021-01-25,25 Jan – 21 Feb,1408,183544
E09000014,Haringey,2021-01-25,25 Jan – 21 Feb,1555,266357
E09000015,Harrow,2021-01-25,25 Jan – 21 Feb,2103,252338
E09000016,Havering,2021-01-25,25 Jan – 21 Feb,1673,260651
E09000017,Hillingdon,2021-01-25,25 Jan – 21 Feb,2994,309014
E09000018,Hounslow,2021-01-25,25 Jan – 21 Feb,2894,271767
E09000019,Islington,2021-01-25,25 Jan – 21 Feb,1077,248115
E09000020,Kensington and Chelsea,2021-01-25,25 Jan – 21 Feb,789,156864
E09000021,Kingston upon Thames,2021-01-25,25 Jan – 21 Feb,1190,179142
E09000022,Lambeth,2021-01-25,25 Jan – 21 Feb,2191,321813
E09000023,Lewisham,2021-01-25,25 Jan – 21 Feb,1713,305309
E09000024,Merton,2021-01-25,25 Jan – 21 Feb,1632,206453
E09000025,Newham,2021-01-25,25 Jan – 21 Feb,2860,355266
E09000026,Redbridge,2021-01-25,25 Jan – 21 Feb,2204,305658
E09000027,Richmond upon Thames,2021-01-25,25 Jan – 21 Feb,1087,198141
E09000028,Southwark,2021-01-25,25 Jan – 21 Feb,1720,320017
E09000029,Sutton,2021-01-25,25 Jan – 21 Feb,1516,207707
E09000030,Tower Hamlets,2021-01-25,25 Jan – 21 Feb,1504,331969
E09000031,Waltham Forest,2021-01-25,25 Jan – 21 Feb,1770,276940
E09000032,Wandsworth,2021-01-25,25 Jan – 21 Feb,1928,329735
E09000033,Westminster,2021-01-25,25 Jan – 21 Feb,1180,269848
