id,sex,province,onset_date,outcome
1,Male,Shanghai,2013-02-19,Died
2,Male,Shanghai,2013-02-27,Died
3,Female,Anhui,2013-03-09,Died
4,Female,Jiangsu,2013-03-19,
5,Female,Jiangsu,2013-03-19,Recovered
6,Female,Jiangsu,2013-03-21,Died
7,Male,Jiangsu,2013-03-20,Died
8,Male,Zhejiang,2013-03-07,Died
9,Male,Zhejiang,2013-03-25,
10,Male,Shanghai,2013-03-28,Died
11,Male,Zhejiang,2013-03-29,Died
12,Female,Shanghai,2013-03-27,Died
13,Female,Shanghai,2013-03-22,Died
14,Male,Shanghai,2013-03-31,Recovered
15,Female,Jiangsu,2013-03-20,
16,Male,Jiangsu,2013-03-21,
17,Male,Shanghai,2013-03-28,Died
18,Male,Shanghai,2013-03-29,Recovered
19,Male,Shanghai,2013-03-25,Died
20,Male,Anhui,2013-03-28,Recovered
21,Male,Shanghai,2013-03-29,Recovered
22,Male,Jiangsu,2013-03-28,
23,Female,Jiangsu,2013-03-30,Recovered
24,Male,Shanghai,2013-04-01,Died
25,Male,Shanghai,2013-04-01,Recovered
26,Male,Shanghai,2013-04-03,Died
27,Female,Zhejiang,2013-03-13,Recovered
28,Male,Zhejiang,2013-03-29,
29,Female,Shanghai,2013-04-01,Recovered
30,Female,Shanghai,2013-04-04,Recovered
31,Male,Jiangsu,2013-03-29,
32,Male,Jiangsu,2013-04-02,
33,Male,Zhejiang,2013-04-03,Recovered
34,Male,Shanghai,2013-03-31,Died
35,Female,Shanghai,2013-04-02,Died
36,Male,Shanghai,2013-04-04,Recovered
37,Male,Jiangsu,2013-03-31,Recovered
38,Male,Jiangsu,2013-04-03,
39,Male,Zhejiang,2013-04-08,
40,Male,Zhejiang,2013-04-06,
41,Female,Zhejiang,2013-04-06,
42,Male,Shanghai,2013-04-03,
43,Male,Shanghai,2013-04-03,Died
44,Female,Beijing,2013-04-11,Recovered
45,Male,Shanghai,2013-04-01,Died
46,Female,Jiangsu,2013-04-05,Died
47,Male,Jiangsu,2013-04-01,
48,Male,Zhejiang,2013-04-03,
49,Male,Zhejiang,2013-04-06,Recovered
50,Male,Henan,2013-04-06,Recovered
51,Male,Henan,2013-04-08,Recovered
52,Female,Zhejiang,2013-04-06,
53,Female,Zhejiang,2013-03-29,Died
54,Male,Zhejiang,2013-04-06,
55,Male,Zhejiang,2013-04-09,Recovered
56,Male,Shanghai,2013-04-05,
57,Male,Shanghai,2013-04-08,Recovered
58,Male,Shanghai,2013-04-04,Recovered
59,Male,Jiangsu,2013-04-01,Recovered
60,Male,Jiangsu,2013-04-08,Recovered
61,Male,Jiangsu,2013-04-06,Died
62,Female,Zhejiang,2013-04-03,
63,Male,Anhui,2013-04-10,
64,Male,Jiangsu,,Recovered
65,Female,Jiangsu,,Recovered
66,Male,Jiangsu,,
67,Male,Zhejiang,2013-04-12,
68,Male,Zhejiang,2013-04-10,
69,Male,Zhejiang,2013-04-10,
70,Female,Zhejiang,2013-04-11,
71,Female,Zhejiang,2013-04-10,
72,Male,Shanghai,2013-04-10,Recovered
73,Male,Shanghai,,Recovered
74,,Shanghai,,Recovered
75,,Shanghai,,Died
76,Male,Shanghai,,Died
77,Male,Shanghai,2013-03-17,Recovered
78,Male,Shanghai,2013-04-12,Died
79,Female,Zhejiang,2013-04-11,Recovered
80,Male,Zhejiang,2013-04-08,
81,Male,Zhejiang,2013-04-13,Died
82,Male,Zhejiang,2013-04-14,Recovered
83,Male,Henan,,Recovered
84,Female,Jiangsu,,
85,Female,Shanghai,2013-04-09,
86,Female,Zhejiang,2013-04-13,
87,Male,Zhejiang,2013-04-11,Died
88,Male,Beijing,,
89,Male,Jiangsu,2013-04-09,Recovered
90,Male,Zhejiang,2013-04-12,
91,Male,Zhejiang,2013-04-11,Recovered
92,Female,Zhejiang,2013-04-10,
93,Male,Zhejiang,2013-04-11,
94,Female,Zhejiang,2013-04-14,Recovered
95,Male,Zhejiang,2013-03-30,
96,Male,Jiangsu,2013-04-07,
97,Female,Shanghai,2013-04-13,Recovered
98,Male,Zhejiang,2013-04-08,Died
99,Female,Zhejiang,2013-04-12,
100,Male,Zhejiang,2013-04-16,
101,Female,Zhejiang,2013-04-13,
102,Male,Zhejiang,2013-04-12,
103,Male,Jiangsu,2013-04-13,
104,Female,Zhejiang,2013-04-16,
105,Male,Zhejiang,2013-04-14,
106,Male,Shandong,2013-04-16,Recovered
107,Male,Anhui,2013-04-14,Died
108,Male,Zhejiang,2013-04-15,
109,Male,Zhejiang,2013-04-15,
110,Male,Taiwan,2013-04-12,
111,Male,Henan,2013-04-17,Died
112,Male,Jiangxi,2013-04-17,
113,Female,Zhejiang,2013-04-15,
114,Female,Zhejiang,2013-04-18,
115,Male,Zhejiang,2013-04-17,
116,Male,Fujian,2013-04-18,Recovered
117,Female,Jiangxi,2013-04-19,Recovered
118,Male,Jiangsu,2013-04-17,
119,Male,Jiangsu,2013-04-19,Recovered
120,Male,Jiangsu,2013-03-08,
121,Female,Hunan,2013-04-14,Died
122,Male,Zhejiang,2013-04-18,
123,Male,Jiangxi,2013-04-15,Died
124,Male,Jiangxi,2013-04-21,Recovered
125,Female,Jiangxi,2013-04-23,Recovered
126,Male,Fujian,2013-04-17,
127,Male,Shandong,2013-04-27,Recovered
128,Male,Fujian,2013-04-21,Recovered
129,Male,Hunan,2013-04-23,Recovered
130,Male,Fujian,2013-04-29,
131,Male,Fujian,2013-04-26,Recovered
132,Female,Jiangxi,2013-05-03,
133,Male,Beijing,2013-05-21,Recovered
134,Male,Jiangsu,2013-04-25,Recovered
135,Female,Hebei,2013-07-10,Died
136,Female,Guangdong,2013-07-27,
